아파트명,주소,가격,면적,층수
광화문스페이스본(101동~105동),종로구 사직동 9,"     185,000",158.99,8층
현대뜨레비앙,종로구 익선동 55,"      38,000",48.54,3층
포레스트힐시티,종로구 효제동 65-2,"      17,900",16.672,5층
송림아마레스아파트,종로구 명륜1가 2-12,"      69,000",84.81,2층
두산,종로구 창신동 232,"      86,000",59.95,15층
삼전솔하임2차,종로구 숭인동 296-19,"      15,100",16.67,6층
종로중흥S클래스,종로구 숭인동 202-3,"      13,000",17.811,14층
삼전솔하임2차,종로구 숭인동 296-19,"      12,000",16.67,10층
삼전솔하임2차,종로구 숭인동 296-19,"      14,500",14.69,6층
삼전솔하임2차,종로구 숭인동 296-19,"      14,500",16.67,6층
동아,종로구 교북동 101,"      80,000",59.98,4층
이지-빌,중구 회현동1가 100-12,"      43,500",55.61,3층
남산롯데캐슬아이리스,중구 회현동1가 208,"     225,000",133.98,29층
진양상가,중구 충무로4가 120-3,"      53,500",72.6,5층
인현상가/신성아파트,중구 인현동2가 192-30,"      30,000",49.22,9층
래미안하이베르,중구 신당동 851,"     137,000",84.98,12층
삼성,중구 신당동 843,"     130,000",114.91,15층
청구드림,중구 신당동 290-90,"      83,000",84.94,5층
약수하이츠,중구 신당동 842,"      97,000",57.63,20층
래미안하이베르,중구 신당동 851,"     108,000",59.74,1층
우석,중구 신당동 432-2013,"      34,300",59.99,1층
남산타운,중구 신당동 844,"     124,000",84.88,5층
다오아트빌,중구 신당동 432-498,"      26,700",53.68,5층
약수역더시티,중구 신당동 857,"      28,500",18.86,7층
동대문와이즈캐슬,중구 흥인동 119,"      14,000",15.55,11층
동대문와이즈캐슬,중구 흥인동 119,"      14,650",16.55,15층
바비엥3,중구 순화동 215,"      62,000",70.81,16층
서울역센트럴자이,중구 만리동2가 176-1,"     148,750",59.9808,10층
후암미주,용산구 후암동 423-1,"     110,000",62.28,5층
후암미주,용산구 후암동 423-1,"     107,000",63.31,1층
센트레빌아스테리움서울,용산구 동자동 45,"     183,000",128.06,27층
풍전,용산구 원효로4가 109-4,"     119,000",81.72,4층
풍전,용산구 원효로4가 109-4,"     119,000",81.72,4층
강변삼성스위트,용산구 원효로4가 178,"     130,000",59.94,15층
풍전,용산구 원효로4가 109-4,"     119,000",81.72,2층
효창파크푸르지오,용산구 효창동 274,"     181,700",84.45,6층
효창베네스,용산구 효창동 272,"     125,000",84.64,8층
도원,용산구 도원동 3-7,"      26,000",34.81,3층
삼성래미안,용산구 도원동 23,"     153,000",84.69,21층
삼성래미안,용산구 도원동 23,"     164,000",114.99,13층
프라임펠리스,용산구 문배동 24-8,"      18,800",13.69,19층
용산큐브,용산구 문배동 24-4,"      20,000",13.01,17층
용산파크자이,용산구 한강로1가 50-1,"     226,000",133.09,18층
용산시티파크(1단지),용산구 한강로3가 63-389,"     270,000",114.17,12층
동원베네스트,용산구 이촌동 434,"     170,000",84.97,10층
한강(대우),용산구 이촌동 415,"     277,000",134.13,3층
한강(대우),용산구 이촌동 415,"     180,000",60,12층
강촌,용산구 이촌동 402,"     231,500",84.85,11층
남산대림,용산구 이태원동 729,"     187,000",84.75,4층
청화1,용산구 이태원동 22-2,"     280,000",142.74,10층
르가든더메인한남,용산구 한남동 386,"     900,000",269.12,2층
한남더힐,용산구 한남동 810,"     850,000",235.312,1층
한남더힐,용산구 한남동 810,"     800,000",235.312,6층
트윈빌비동,용산구 한남동 26-10,"     282,000",179.55,1층
텐즈힐(2단지),성동구 상왕십리동 811,"     162,500",84.95,9층
상리제나우스,성동구 하왕십리동 966-18,"      13,350",12.84,4층
블루빌,성동구 하왕십리동 890-446,"      43,000",41.33,5층
상리제나우스,성동구 하왕십리동 966-18,"      13,500",12.84,5층
홍익한신,성동구 홍익동 119-1,"      68,000",76,5층
세림,성동구 마장동 784,"     109,000",72.84,12층
현대,성동구 마장동 818,"      80,000",59.94,12층
현대,성동구 마장동 818,"      91,000",59.94,4층
신성미소지움,성동구 마장동 822,"     108,000",84.99,3층
삼성,성동구 마장동 817,"     104,000",59.76,13층
중앙하이츠,성동구 사근동 199,"      86,500",71.85,9층
서울숲삼부아파트,성동구 행당동 147,"     168,000",84.09,11층
행당두산위브,성동구 행당동 375,"     136,000",59.99,9층
서울숲더샵,성동구 행당동 377,"     238,000",114.4,35층
서울숲 한신 더 휴,성동구 행당동 349,"     151,000",114.97,3층
서울숲 한신 더 휴,성동구 행당동 349,"     120,000",59.91,22층
벽산,성동구 금호동1가 633,"     153,000",114.57,11층
금호자이1차,성동구 금호동2가 1215,"     175,000",117.18,10층
금호자이1차,성동구 금호동2가 1215,"     137,000",59.99,8층
두산,성동구 금호동3가 1331,"     129,500",84.99,10층
풍림아이원,성동구 옥수동 60,"     181,500",84.767,4층
현대,성동구 옥수동 4,"     168,000",84.9,12층
모닝빌아파트,성동구 옥수동 478-1,"     250,000",208.14,6층
갤러리아포레,성동구 성수동1가 685-696,"     880,000",217.86,42층
트리마제,성동구 성수동1가 718,"     430,000",140.3099,15층
트리마제,성동구 성수동1가 718,"     640,000",152.1556,13층
트리마제,성동구 성수동1가 718,"     640,000",152.1556,13층
한진타운,성동구 성수동1가 704,"     180,000",84.21,9층
트리마제,성동구 성수동1가 718,"     425,000",140.3099,6층
대우2,성동구 성수동1가 709,"     150,000",84.97,16층
강변건영아파트,성동구 성수동1가 710,"     219,000",84.952,16층
쌍용,성동구 성수동1가 706,"     140,000",59.76,23층
신성미소지움,성동구 성수동2가 833,"     105,000",59.4,2층
서울숲금강아미움,성동구 성수동2가 836,"     119,700",80.89,8층
건영,성동구 송정동 90,"      86,000",59.83,6층
건영,성동구 송정동 90,"     108,500",84.945,6층
은진아파트5차,광진구 구의동 57-3,"      39,000",51.48,5층
래미안파크스위트,광진구 구의동 668,"     214,000",102.88,8층
청구,광진구 광장동 566,"     150,000",84.86,20층
워커힐 팰리스,광진구 광장동 125,"      67,000",104.42,4층
우성5,광진구 자양동 553-41,"     110,000",84.72,3층
이튼타워리버5차,광진구 자양동 856,"     305,000",159.89,21층
한솔리베르,광진구 자양동 672,"     154,000",83.31,24층
더샵스타시티,광진구 자양동 227-7,"     260,000",163.53,15층
이튼타워리버2차,광진구 자양동 507-6,"     143,000",84.96,7층
로얄동아,광진구 자양동 644,"     151,000",84.75,21층
테라팰리스건대1차,광진구 화양동 531,"      81,000",68,7층
광진We’vePark,광진구 군자동 503,"     129,000",131.35,15층
광진We’vePark,광진구 군자동 503,"     134,500",131.96,10층
동대문푸르지오시티(도시형생활주택),동대문구 용두동 104-3,"      18,000",19.51,8층
래미안 허브리츠,동대문구 용두동 792,"     130,700",84.96,7층
롯데캐슬피렌체,동대문구 용두동 790,"     103,000",84.99,14층
래미안 허브리츠,동대문구 용두동 792,"     105,000",59.98,7층
동대문롯데캐슬노블레스,동대문구 전농동 695,"     149,000",84.98,20층
래미안크레시티,동대문구 전농동 690,"     122,500",59.99,10층
전농동삼성래미안,동대문구 전농동 155,"      80,000",59.93,4층
한일노벨리아,동대문구 답십리동 494-1,"      13,500",14.76,17층
답십리청솔우성,동대문구 답십리동 80,"     104,000",84.94,6층
래미안미드카운티,동대문구 답십리동 1013,"     183,000",123.06,11층
현대썬앤빌청계,동대문구 답십리동 530-15,"      15,000",18.38,7층
청계지웰에스테이트,동대문구 답십리동 498-7,"      13,800",18.585,14층
청계지웰에스테이트,동대문구 답십리동 498-7,"      13,900",19.525,8층
청계푸르지오시티,동대문구 답십리동 497-23,"      14,300",18.92,20층
신답극동,동대문구 답십리동 464-1,"      78,500",46.53,14층
청계지웰에스테이트,동대문구 답십리동 498-7,"      13,900",19.525,14층
래미안미드카운티,동대문구 답십리동 1013,"     149,990",84.97,12층
보광타워,동대문구 답십리동 530-4,"      22,000",24.27,12층
센시티16,동대문구 답십리동 488-18,"      10,000",14.244,14층
래미안엘파인아파트,동대문구 답십리동 1000,"      84,800",59.95,11층
두산위브,동대문구 답십리동 998,"     116,000",84.91,2층
우성2차아파트(334-6),동대문구 장안동 334-6,"      56,000",71.35,6층
선일크라시아,동대문구 장안동 344-5,"      43,000",66.13,13층
현대홈타운2차,동대문구 장안동 569,"      92,000",84.97,8층
현대홈타운2차,동대문구 장안동 569,"      92,000",84.97,8층
신일해피트리아파트101동,동대문구 장안동 564,"      77,000",84.71,6층
장안푸르미에,동대문구 장안동 466-5,"      12,800",12.9043,2층
한신아파트,동대문구 장안동 555-1,"      74,000",84.83,10층
한신,동대문구 청량리동 60,"      95,000",84.92,5층
신현대,동대문구 회기동 65,"      81,000",84.96,1층
베라체캠퍼스,동대문구 회기동 346-18,"      24,000",24.011,12층
베라체캠퍼스,동대문구 회기동 346-18,"      24,500",24.319,13층
휘경SK뷰,동대문구 휘경동 372,"     105,500",59.39,18층
주공2,동대문구 휘경동 57,"      57,200",39.98,9층
휘경SK뷰,동대문구 휘경동 372,"     133,000",84.31,9층
캠퍼스드림오피스텔,동대문구 휘경동 336-32,"      22,000",16.04,6층
캠퍼스드림오피스텔,동대문구 휘경동 336-32,"      22,000",16.04,6층
현대,동대문구 휘경동 363,"      70,000",84.94,8층
대우,동대문구 이문동 45,"     103,000",114.521,2층
대우,동대문구 이문동 45,"     103,000",114.521,2층
민족통일MJ캠퍼스외대3차,동대문구 이문동 327-1,"      23,000",18.54,12층
민족통일MJ캠퍼스외대3차,동대문구 이문동 327-1,"      23,000",18.72,14층
민족통일MJ캠퍼스외대3차,동대문구 이문동 327-1,"      26,400",18,15층
면목삼익아파트,중랑구 면목동 1516,"      97,500",111.94,16층
늘푸른동아,중랑구 면목동 715,"      85,000",84.97,12층
현대,중랑구 면목동 1502,"      80,500",84.99,12층
두산2,중랑구 면목동 1510,"      99,000",134.2,11층
면목한신,중랑구 면목동 193-1,"      36,500",27,10층
면목한신,중랑구 면목동 193-1,"      33,000",27,14층
현대휴온,중랑구 면목동 1535,"      11,000",18.17,3층
현대휴온,중랑구 면목동 1535,"      11,850",18.17,3층
두산4,중랑구 면목동 1522,"      94,000",84.87,14층
사가정센트럴아이파크,중랑구 면목동 1545,"     108,000",59.78,16층
현대휴온,중랑구 면목동 1535,"      15,000",18.17,3층
개인택시주택조합(미성아파트),중랑구 면목동 1-41,"      45,000",55.4,6층
주함해븐,중랑구 면목동 91-15,"      44,700",80.6,4층
상봉힐스테이,중랑구 상봉동 106,"      30,500",16.94,9층
상봉베스트원,중랑구 상봉동 101-19,"      22,000",22.14,9층
건영1,중랑구 상봉동 1,"      81,000",84.96,12층
상봉듀오트리스,중랑구 상봉동 501,"     123,000",117.07,27층
태영데시앙1,중랑구 상봉동 497,"      94,500",84.9353,9층
범양프레체,중랑구 중화동 208-4,"      11,400",17.94,8층
범양프레체,중랑구 중화동 208-4,"      11,300",17.94,11층
묵동자이(2단지),중랑구 묵동 170-1,"     118,000",111.73,22층
우성,중랑구 묵동 245-64,"      33,000",47.11,1층
헤르만스테이트,중랑구 묵동 162-17,"      19,000",30,9층
신내대림아파트,중랑구 묵동 20,"     112,000",126.28,3층
묵동포레시타,중랑구 묵동 393,"      12,100",18.59,5층
신도,중랑구 묵동 167,"      60,000",59.89,1층
묵동포레시타,중랑구 묵동 393,"      11,000",14.95,3층
묵동자이(2단지),중랑구 묵동 170-1,"     102,000",111.73,18층
현대아이파크,중랑구 묵동 385,"      89,000",84.9416,3층
신내,중랑구 묵동 13,"      58,500",49.77,3층
묵동포레시타,중랑구 묵동 393,"      12,000",18.59,2층
신내,중랑구 묵동 13,"      59,000",49.77,11층
신내,중랑구 묵동 13,"      58,800",49.77,9층
공감대,중랑구 묵동 171-4,"      71,000",84.996,4층
더하이어,중랑구 망우동 508-6,"      10,000",12.0156,11층
신내 데시앙포레,중랑구 신내동 817,"      88,000",84.91,7층
진로아파트,중랑구 신내동 654,"     110,000",134.37,2층
신내6대주,중랑구 신내동 650,"      67,800",59.76,3층
신내11대명,중랑구 신내동 661,"      68,300",59.76,10층
성원,중랑구 신내동 783,"      71,000",84.32,9층
경원,중랑구 신내동 449-1,"      38,000",59.4,4층
데시앙,중랑구 신내동 317,"     104,500",114.71,1층
돈암동삼성,성북구 돈암동 15-1,"      75,500",59.4,12층
돈암동삼성,성북구 돈암동 15-1,"      75,000",59.4,13층
한신,성북구 돈암동 609-1,"     117,000",132.96,15층
돈암동 풍림아파트 101~105동,성북구 돈암동 632,"      60,000",84.68,2층
돈암동해피트리,성북구 돈암동 642,"     124,000",132.43,8층
한신,성북구 돈암동 609-1,"      86,000",84.87,9층
한신,성북구 돈암동 609-1,"      72,000",68.13,13층
성신여대역솔하임,성북구 동소문동5가 15,"      20,000",14.022,10층
성신여대역솔하임,성북구 동소문동5가 15,"      23,000",15.424,15층
삼선푸르지오,성북구 삼선동2가 425,"     114,500",114.65,4층
대광,성북구 안암동3가 136-1,"      35,000",61.92,3층
대광,성북구 안암동3가 136-1,"      34,500",44.36,4층
동관아트빌,성북구 안암동3가 42-1,"      61,000",105.24,6층
정릉풍림아이원,성북구 정릉동 239,"      61,500",59.88,10층
라온유,성북구 정릉동 1034,"      97,000",84.65,23층
정릉풍림아이원,성북구 정릉동 239,"      64,500",59.88,15층
정릉꿈에그린,성북구 정릉동 1037,"      77,900",59.63,6층
길음뉴타운데시앙,성북구 정릉동 1018,"      62,300",59.42,2층
길음뉴타운8단지(래미안),성북구 길음동 1284,"     141,000",114.98,21층
롯데캐슬골든힐스,성북구 길음동 1287-1,"     120,000",84.932,12층
길음동동부센트레빌(1278-0),성북구 길음동 1278,"      96,000",84.844,4층
래미안길음센터피스,성북구 길음동 498,"     150,000",84.95,11층
롯데캐슬클라시아,성북구 길음동 1289,"     110,800",59.8745,15층
길음뉴타운4단지(e편한세상),성북구 길음동 1281,"     119,500",114.88,1층
종암에스케이,성북구 종암동 104-1,"      75,000",59.86,8층
고려,성북구 종암동 125-1,"      36,000",65.46,3층
래미안월곡,성북구 하월곡동 225,"      85,500",59.754,16층
월곡래미안루나밸리,성북구 하월곡동 226,"      65,000",59.98,8층
삼전솔하임3차,성북구 하월곡동 88-510,"      11,700",15.62,15층
꿈의숲코오롱하늘채,성북구 장위동 319,"     125,000",84.87,17층
꿈의숲대명루첸아파트,성북구 장위동 317,"     127,000",122.021,2층
꿈의숲대명루첸아파트,성북구 장위동 317,"     127,000",122.021,2층
래미안장위퍼스트하이,성북구 장위동 173-114,"     120,000",84.94,31층
석계역한일노벨리아시티,성북구 장위동 8-2,"      12,500",15.2144,10층
두산,성북구 석관동 10,"      83,000",59.97,18층
두산,성북구 석관동 10,"     110,000",134.97,9층
두산,성북구 석관동 10,"      61,500",54.55,1층
두산,성북구 석관동 10,"      79,000",59.97,15층
에스케이북한산시티,강북구 미아동 1353,"      83,000",84.86,20층
꿈의숲해링턴플레이스,강북구 미아동 1369,"      95,000",84.88,1층
미아동부센트레빌,강북구 미아동 474,"     100,000",84.93,14층
에스케이북한산시티,강북구 미아동 1353,"      72,000",59.98,21층
푸르지오시티,강북구 미아동 160-3,"      12,900",18.6479,6층
꿈의숲해링턴플레이스,강북구 미아동 1369,"     100,000",84.36,5층
에스케이북한산시티,강북구 미아동 1353,"      70,000",84.92,13층
삼성래미안트리베라2단지,강북구 미아동 812,"      82,000",59.33,5층
푸르지오시티,강북구 미아동 160-3,"      13,200",18.6479,6층
수유역두산위브2,강북구 번동 411,"      89,800",84.9909,16층
동문,강북구 번동 657,"      59,500",59.64,8층
주공1단지,강북구 번동 242,"      62,000",49.94,9층
다우(459-63),강북구 번동 459-63,"      18,500",41.47,5층
래미안수유,강북구 수유동 730,"      86,000",114.78,3층
화계맨숀,강북구 수유동 461-13,"      20,000",58.51,5층
수유벽산1차,강북구 수유동 205,"      89,500",122.58,11층
수유벽산1차,강북구 수유동 205,"      61,000",63.78,6층
극동,강북구 수유동 553-61,"      55,000",84.99,7층
북한산굿모닝,강북구 우이동 175,"      42,700",77.71,5층
북한산굿모닝,강북구 우이동 175,"      42,700",77.71,5층
북한산코오롱하늘채,도봉구 쌍문동 732,"      85,500",84.98,14층
한양6,도봉구 쌍문동 59-5,"      65,000",83.86,15층
한양2,도봉구 쌍문동 59,"      32,500",28.71,14층
성원,도봉구 쌍문동 53,"      60,000",71.78,14층
한양6,도봉구 쌍문동 59-5,"      60,000",83.86,2층
한양2,도봉구 쌍문동 59,"      50,000",59.67,1층
경남,도봉구 쌍문동 73,"      30,500",44.5,3층
동양크레오아파트,도봉구 방학동 740,"      60,000",84.9696,8층
동부센트레빌아파트,도봉구 방학동 689,"      80,000",84.909,10층
신동아아파트1,도봉구 방학동 271-1,"      40,500",43.35,11층
신동아아파트1,도봉구 방학동 271-1,"      50,000",51.27,9층
신동아아파트1,도봉구 방학동 271-1,"      46,000",53.16,1층
신동아아파트1,도봉구 방학동 271-1,"      50,000",62.22,5층
삼익세라믹아파트,도봉구 방학동 274,"      37,000",42.93,5층
퍼스티안,도봉구 방학동 705-17,"      10,480",13.6794,8층
이에스에이아파트2,도봉구 방학동 716-5,"      97,000",124.66,15층
창동주공3단지(해등마을),도봉구 창동 347,"      67,000",41.3,9층
현대조합,도봉구 창동 813,"      63,000",59.91,2층
대우,도봉구 창동 804,"      67,500",84.88,6층
창동주공3단지(해등마을),도봉구 창동 347,"      72,000",49.94,12층
새울(715-25),도봉구 창동 715-25,"      32,000",38.94,7층
금용,도봉구 창동 809,"      35,770",59.97,6층
월가타워,도봉구 창동 7,"       9,500",13.02,12층
삼성래미안,도봉구 창동 45,"      90,000",84.87,20층
서원,도봉구 도봉동 641,"      46,000",49.77,9층
신도봉,도봉구 도봉동 588,"      28,000",58.44,1층
한신,도봉구 도봉동 30-1,"      62,000",84.94,1층
풍림아이원,노원구 월계동 944,"      92,000",84.303,11층
성북역신도브래뉴,노원구 월계동 941,"      81,000",84.8437,12층
삼호4,노원구 월계동 12,"      69,000",50.18,2층
삼호3,노원구 월계동 13,"      87,000",59.22,6층
주공2,노원구 월계동 556,"      50,500",44.52,4층
사슴3,노원구 월계동 320-11,"      46,000",33.18,9층
한진한화그랑빌,노원구 월계동 18,"      94,500",84.97,7층
성원(사슴4),노원구 월계동 322-1,"      58,500",49.92,12층
삼호4,노원구 월계동 12,"      69,000",50.18,13층
사슴3,노원구 월계동 320-11,"      50,000",39.6,5층
현대,노원구 월계동 929,"      73,500",59.95,12층
청백3,노원구 월계동 780,"      50,000",49.77,4층
녹천역두산위브아파트,노원구 월계동 950,"      88,000",84.9094,4층
현대,노원구 월계동 929,"      83,500",59.95,6층
동신,노원구 월계동 436,"      95,000",91.54,9층
월계센트럴아이파크,노원구 월계동 951,"     100,000",84.99,14층
성북맨션,노원구 월계동 383-40,"      68,000",65.35,1층
월계센트럴아이파크,노원구 월계동 951,"     100,000",84.99,5층
풍림아이원,노원구 월계동 944,"      76,700",59.149,12층
초안1,노원구 월계동 923,"      39,000",49.6,1층
참다움아파트,노원구 공릉동 395-6,"      43,500",74.4276,6층
비선아파트,노원구 공릉동 109,"      55,400",48.6,14층
한일휴니스빌,노원구 공릉동 683-14,"      12,500",13.62,15층
시영2단지(라이프)아파트,노원구 공릉동 707,"      62,500",49.5,8층
동신아파트,노원구 공릉동 745,"      93,500",114.98,23층
공릉해링턴플레이스,노원구 공릉동 106,"     140,000",134.914,6층
대주파크빌아파트,노원구 공릉동 751,"      53,000",80.992,6층
태강아파트(아이파크),노원구 공릉동 81,"      70,500",59.34,4층
67디벨리움,노원구 공릉동 670-7,"      17,300",17.27,13층
태강아파트(아이파크),노원구 공릉동 81,"      60,000",49.6,5층
한신1,노원구 하계동 284,"      38,500",27,1층
한신1,노원구 하계동 284,"      43,200",27,10층
장미(시영6),노원구 하계동 273,"      68,000",54.02,3층
한신1,노원구 하계동 284,"      55,000",35.28,14층
하계1청구,노원구 하계동 251,"     101,500",84.6,6층
장미(시영6),노원구 하계동 273,"      50,500",43.56,4층
한신2,노원구 하계동 284,"      40,000",35.28,6층
한일유앤아이,노원구 상계동 1309,"      77,900",59.877,12층
한신2차,노원구 상계동 451,"      58,000",58.46,14층
상계주공7(고층),노원구 상계동 691,"      74,800",49.94,6층
상계주공13(고층),노원구 상계동 637,"      64,000",58.01,7층
상계1차현대아파트,노원구 상계동 1055,"      66,500",83.92,3층
보람아파트,노원구 상계동 639,"      56,000",44.33,11층
미라보(성림),노원구 상계동 1320,"      52,000",84.5,14층
보람2단지,노원구 상계동 639,"      83,000",79.25,1층
한신2차,노원구 상계동 451,"      53,000",58.46,1층
상계주공10(고층),노원구 상계동 666,"      75,000",59.39,6층
상계주공6(고층),노원구 상계동 720,"      79,000",58.01,8층
은빛2단지,노원구 상계동 1256,"      54,000",49.77,11층
노원현대,노원구 상계동 359,"      84,700",84.78,11층
청암2단지,노원구 상계동 1276,"      53,000",49.77,12층
동양엔파트,노원구 상계동 1305,"      92,000",84.88,4층
상계주공14(저층),노원구 상계동 626,"      56,000",71.89,4층
상계주공2(고층),노원구 상계동 740,"      59,000",37.46,4층
북부현대,노원구 상계동 1273,"      49,000",59.24,4층
상계주공1(고층),노원구 상계동 765,"      50,000",41.3,10층
보람아파트,노원구 상계동 639,"      66,000",54.59,5층
상계주공7(고층),노원구 상계동 691,"      95,000",79.07,11층
상계주공7(고층),노원구 상계동 691,"     100,000",79.07,11층
상계주공1(고층),노원구 상계동 765,"      51,000",32.39,7층
상계주공4(고층),노원구 상계동 749-5,"      70,900",59.28,2층
한신1차,노원구 상계동 135,"      46,000",45.44,7층
두산,노원구 상계동 1110,"      71,000",67.43,5층
벽산,노원구 상계동 173-1,"      39,000",43.35,1층
벽산,노원구 상계동 173-1,"      55,000",46.8,5층
벽산,노원구 상계동 173-1,"      55,000",46.8,5층
중계그린1단지,노원구 중계동 502-1,"      52,000",39.91,1층
건영2,노원구 중계동 515-2,"      81,500",75.02,3층
상아,노원구 중계동 505,"      63,000",51.29,2층
상아,노원구 중계동 505,"      58,500",51.29,1층
라이프,노원구 중계동 366,"     140,000",115.65,2층
신안,노원구 중계동 590,"     104,000",84.93,6층
청구3,노원구 중계동 360-2,"     125,000",84.77,3층
중계무지개,노원구 중계동 512,"      62,900",49.54,11층
동진,노원구 중계동 103,"      35,500",51.3,2층
건영3,노원구 중계동 360-15,"     122,500",84.9,5층
상아,노원구 중계동 505,"      87,000",84.97,3층
e편한세상 수색 에코포레,은평구 수색동 415-1,"      82,000",84.951,2층
DMC롯데캐슬더퍼스트,은평구 수색동 417,"     120,000",84.93,7층
북한산푸르지오,은평구 녹번동 281,"     105,000",84.99,8층
신우아파트,은평구 불광동 241-23,"      45,500",59.97,11층
북한산현대홈타운,은평구 불광동 633,"      84,300",59.9765,3층
북한산현대힐스테이트3차아파트,은평구 불광동 641,"     108,000",84.98,15층
불광롯데캐슬,은평구 불광동 645,"      82,000",59.99,16층
효민아크로뷰,은평구 불광동 484-73,"      24,000",15.09,19층
한솔,은평구 갈현동 539,"      64,100",84.93,2층
우남,은평구 갈현동 540,"      47,000",59.92,13층
미미,은평구 갈현동 538,"      45,600",59.595,4층
우신,은평구 구산동 25-53,"      39,000",90.96,4층
갈현현대,은평구 구산동 382,"      54,800",59.94,7층
갈현1단지e-편한세상,은평구 구산동 547,"      80,000",84.618,5층
경남아너스빌,은평구 구산동 224,"      57,000",84.69,7층
경남아너스빌,은평구 구산동 224,"      69,000",84.69,15층
북한산포레스트,은평구 대조동 179-16,"      27,500",19.08,11층
대경아르체아파트,은평구 대조동 26-14,"      41,000",29.99,3층
메트하임,은평구 대조동 197-3,"      17,754",14.03,12층
해오름시티,은평구 대조동 9-40,"      15,000",19.34,10층
대경아르체아파트,은평구 대조동 26-14,"      42,000",29.99,12층
대경아르체아파트,은평구 대조동 26-14,"      41,000",29.99,6층
주주베B,은평구 대조동 9-31,"      17,500",28.24,10층
대경아르체아파트,은평구 대조동 26-14,"      31,500",25.28,13층
위산일리온시티,은평구 응암동 110-1,"      23,000",19.28,12층
유성아이비아파트,은평구 응암동 590-15,"      29,000",42.61,5층
백련산힐스테이트3차,은평구 응암동 761,"     114,000",114.9,11층
녹번역센트레빌,은평구 응암동 762,"      96,500",84.9,17층
위산일리온시티,은평구 응암동 110-1,"      31,800",26.9,14층
미소세상,은평구 응암동 117-35,"      30,000",29.99,5층
거장메카,은평구 응암동 577-28,"      32,000",34.12,5층
백련산힐스테이트2차,은평구 응암동 760,"      80,000",59.95,8층
미랜드,은평구 역촌동 39-1,"      76,000",79.16,4층
진주하이츠(10-89),은평구 역촌동 10-89,"      53,500",84.58,2층
라이프씨티,은평구 신사동 354,"      50,000",83.04,14층
응암역효성해링턴플레이스,은평구 신사동 372,"      75,500",59.94,4층
디오반,은평구 증산동 173-1,"      12,200",14.46,6층
디오반,은평구 증산동 173-1,"      12,100",14.46,6층
DMC덕원,은평구 증산동 220-1,"      50,000",35.78,15층
은평스카이뷰자이,은평구 진관동 62,"     125,000",84.7488,10층
우물골2단지두산위브(201~203동)BL2-4,은평구 진관동 82,"      95,000",84.51,4층
구파발9단지래미안(916~928동)BL3-2,은평구 진관동 25,"     112,000",166.75,9층
마고정3단지센트레빌(310~322동)BL2-3,은평구 진관동 107,"     120,000",167.14,3층
마고정3단지센트레빌(310~322동)BL2-3,은평구 진관동 107,"     130,000",167.14,3층
상림마을7단지아이파크(730~742동)BL1-14,은평구 진관동 10,"     134,500",167.69,12층
e편한세상신촌4단지,서대문구 북아현동 1013,"     177,000",84.89,5층
힐스테이트신촌,서대문구 북아현동 1017,"     108,000",52.8449,9층
홍제원현대(459-0),서대문구 홍제동 459,"     101,300",84.9,8층
홍제역해링턴플레이스,서대문구 홍제동 270-1,"     116,000",59.99,10층
홍제역해링턴플레이스,서대문구 홍제동 270-1,"     116,000",59.99,10층
인왕산현대,서대문구 홍제동 460,"      78,000",59.93,12층
홍제삼성래미안,서대문구 홍제동 461,"      44,500",32.76,1층
청구1차,서대문구 홍제동 453,"      95,500",84.78,17층
동일5차101동,서대문구 홍제동 312-221,"      71,800",78.15,6층
파라타워,서대문구 대현동 90-70,"      21,500",16.299,5층
엘르빌2차,서대문구 창천동 368,"      50,000",66.18,5층
3RU-City,서대문구 창천동 510-2,"      15,450",12.08,12층
연희자이엘라,서대문구 연희동 745,"      14,000",13.642,7층
은하,서대문구 연희동 105-4,"      30,000",102.48,1층
대우푸르지오,서대문구 연희동 739,"      88,800",59.79,20층
대우푸르지오,서대문구 연희동 739,"     105,000",114.705,1층
서대문노블루체,서대문구 홍은동 274-32,"      29,000",29.07,11층
북한산더샵,서대문구 홍은동 464,"      96,000",59.899,18층
유원,서대문구 홍은동 22,"      56,000",64.26,12층
아르팰리스,서대문구 홍은동 277-169,"      57,500",58.01,5층
명진,서대문구 북가좌동 336-4,"      50,000",84.54,4층
DMC서부인터빌,서대문구 북가좌동 467,"      75,000",84.66,5층
DMC래미안e편한세상,서대문구 북가좌동 481,"     120,000",84.95,9층
북가좌삼호,서대문구 북가좌동 449,"     110,000",114.03,7층
DMC한양,서대문구 북가좌동 431,"      81,000",65.34,6층
DMC래미안e편한세상,서대문구 북가좌동 481,"     109,000",59.97,7층
남가좌동현대,서대문구 남가좌동 376,"     104,000",84.78,13층
DMC에코자이,서대문구 남가좌동 389,"     110,000",59.79,7층
DMC파크뷰자이1단지,서대문구 남가좌동 385,"     140,500",84.974,17층
디엠씨엘가,서대문구 남가좌동 387,"      13,750",13.03,5층
디엠씨엘가,서대문구 남가좌동 387,"      33,500",30.36,7층
디엠씨엘가,서대문구 남가좌동 387,"      32,750",30.36,8층
디엠씨엘가,서대문구 남가좌동 387,"      33,000",30.36,3층
DMC센트레빌,서대문구 남가좌동 381,"      94,000",59.95,2층
DMC파크뷰자이2단지,서대문구 남가좌동 384,"     127,500",84.99,12층
디엠씨엘가,서대문구 남가좌동 387,"      18,400",13.03,3층
쌍용스윗닷홈,서대문구 남가좌동 380,"     110,000",84.98,8층
마포래미안푸르지오3단지,마포구 아현동 777,"     182,500",84.8919,8층
서서울삼성,마포구 아현동 692,"      81,000",48.92,16층
공덕3삼성래미안,마포구 공덕동 457,"     159,700",84.98,6층
공덕현대,마포구 공덕동 370-9,"     120,000",84.61,11층
공덕SK리더스뷰,마포구 공덕동 479,"     190,000",84.93,12층
현대홈타운,마포구 도화동 353,"     132,500",84.95,17층
현대홈타운,마포구 도화동 353,"     135,000",84.95,17층
현대홈타운,마포구 도화동 353,"     137,500",84.95,17층
한화오벨리스크,마포구 도화동 555,"      64,800",41.32,5층
삼성,마포구 도화동 550,"     162,000",84.985,4층
한화오벨리스크,마포구 도화동 555,"      58,000",38.08,6층
삼성,마포구 도화동 550,"     130,000",72.185,1층
마포쌍용황금아파트,마포구 마포동 253,"     121,000",84.9,15층
비체힐리버뷰,마포구 마포동 449,"      15,000",18.2771,1층
대흥동태영아파트,마포구 대흥동 660,"     126,000",59.4,15층
현대벤처빌,마포구 노고산동 107-36,"      23,000",32.8,15층
현대벤처빌,마포구 노고산동 107-36,"      27,200",38.02,6층
신촌포스빌,마포구 노고산동 1-3,"      25,000",32.34,7층
하나테크노빌,마포구 신수동 22-35,"      26,000",31.83,13층
해모로,마포구 창전동 443,"     120,000",83.85,3층
창전래미안,마포구 창전동 437,"     125,000",84.93,15층
신구강변연가,마포구 상수동 394,"     220,000",152.336,11층
대우미래사랑,마포구 서교동 487,"      31,500",34.29,5층
센트레,마포구 서교동 453-15,"      62,000",81.35,2층
대아,마포구 서교동 329-2,"      70,500",59.85,9층
센트레,마포구 서교동 453-15,"      62,000",81.35,2층
광남벨라스1동,마포구 동교동 200-38,"      69,000",83.91,1층
솔루체,마포구 망원동 439-1,"      73,000",54.13,4층
한강월드컵,마포구 망원동 515,"      70,000",59.99,4층
영화블렌하임,마포구 망원동 517,"     120,000",107.33,7층
리츠,마포구 망원동 483-3,"      72,000",58.44,4층
솔루체2차아파트,마포구 망원동 525,"      69,000",45.51,5층
마포한강제이스카이,마포구 망원동 522,"      63,000",49.664,12층
코오롱,마포구 연남동 573,"     103,000",59.76,8층
코오롱,마포구 연남동 573,"     103,000",59.76,8층
대명,마포구 연남동 259-1,"      84,000",59.99,1층
성산시영(선경),마포구 성산동 446,"     114,000",50.54,14층
성산힐아파트,마포구 성산동 81-106,"      59,500",68.64,7층
성산시영(대우),마포구 성산동 446,"     106,900",50.03,10층
성산시영(유원),마포구 성산동 446,"     130,000",59.43,9층
성산시영(유원),마포구 성산동 446,"     128,300",59.43,4층
성산시영(대우),마포구 성산동 446,"     104,500",50.03,11층
강림월드타운,마포구 중동 36-29,"      64,200",79.6,1층
상암월드컵파크6단지,마포구 상암동 1689,"     124,000",84.53,13층
상암월드컵파크7단지,마포구 상암동 1660,"     114,000",84.74,6층
상암월드컵파크9단지,마포구 상암동 1752,"     105,000",84.98,3층
신정동로마,양천구 신정동 962-18,"      78,500",84.98,1층
신트리1,양천구 신정동 1259,"      77,000",49.95,7층
목동신시가지10,양천구 신정동 311,"     197,500",105.58,2층
보람쉬움,양천구 신정동 921-11,"      55,000",79.5708,8층
까치마을,양천구 신정동 739-17,"      40,000",84.84,4층
푸른마을3,양천구 신정동 1283,"      69,900",59.99,5층
푸른마을2,양천구 신정동 1281,"      67,000",59.91,12층
목동신시가지8,양천구 신정동 314,"     171,000",71.77,11층
목동신시가지8,양천구 신정동 314,"     148,000",54.94,10층
동일아파트,양천구 신정동 911-9,"      60,000",83.75,1층
목동신시가지11,양천구 신정동 325,"      90,000",51.48,4층
진명,양천구 신정동 282-16,"      66,850",44.16,2층
목동우성2,양천구 신정동 337,"     105,500",113.91,2층
목동신시가지11,양천구 신정동 325,"     116,500",51.48,13층
우당,양천구 목동 808-9,"     137,000",131.76,7층
목동신시가지1,양천구 목동 901,"     218,000",99.15,3층
목동청구한신아파트,양천구 목동 929,"     166,000",84.76,14층
목동신시가지5,양천구 목동 912,"     213,000",83.47,1층
목동청구한신아파트,양천구 목동 929,"     163,000",84.76,9층
목동신시가지1,양천구 목동 901,"     208,000",90.06,1층
목동신시가지1,양천구 목동 901,"     165,000",66,12층
목동길성그랑프리텔,양천구 목동 739-5,"      80,000",77.9337,12층
목동청구한신아파트,양천구 목동 929,"     168,000",84.76,13층
트라팰리스이스턴에비뉴,양천구 목동 962-1,"     280,000",127.65,19층
목동신시가지4,양천구 목동 904,"     172,000",65.52,1층
목동센트럴푸르지오,양천구 목동 404-13,"     191,000",84.9914,17층
목동신시가지4,양천구 목동 904,"     201,000",94.86,1층
목동청구한신아파트,양천구 목동 929,"     168,300",84.76,11층
목동트윈빌,양천구 목동 905-22,"     180,000",169.62,21층
수명산태승훼미리,양천구 신월동 18-17,"      57,000",84.33,10층
디아이빌102동,양천구 신월동 1050,"      44,500",83.79,3층
태진,양천구 신월동 467-3,"      42,000",59.79,1층
아름다운세상,양천구 신월동 1038,"      41,800",55.05,7층
코아루2단지,양천구 신월동 1058,"      65,000",84.95,5층
홍익아파트,양천구 신월동 494-1,"      58,500",91.22,3층
태헌(신월프라자),양천구 신월동 128,"      31,300",56.97,6층
삼구,양천구 신월동 604-4,"      49,500",83.85,2층
샤인팰리스,양천구 신월동 13-3,"      46,400",84.93,7층
목동센트럴아이파크위브2단지,양천구 신월동 1076,"     105,000",59.88,17층
목동센트럴아이파크위브2단지,양천구 신월동 1076,"     130,000",84.97,10층
삼정그린뷰,양천구 신월동 1041,"      61,500",59.6,13층
염창1차한화꿈에그린,강서구 염창동 281-22,"     145,000",84.93,8층
삼성한아름,강서구 염창동 264-27,"      87,000",84.9,3층
한울밸리움,강서구 염창동 274-18,"      38,800",21.54,7층
염창1차보람더하임,강서구 염창동 305,"     112,000",84.98,15층
무학,강서구 염창동 255,"      83,000",59.38,5층
삼정그린코아,강서구 염창동 282,"     119,000",84.358,13층
성원,강서구 염창동 295,"      75,000",59.91,9층
리버펠리스1동,강서구 염창동 257,"     120,000",142.42,11층
극동,강서구 염창동 246-23,"      88,500",79.465,4층
해태골든팰리스,강서구 등촌동 510-7,"      64,000",84.51,7층
등촌파밀리에더클래식201동,강서구 등촌동 723,"      70,000",49.78,4층
임광,강서구 등촌동 562-5,"     103,000",84.91,8층
"등촌7,8단지주공아파트",강서구 등촌동 707,"      67,000",41.85,8층
천우네오젠,강서구 등촌동 645-14,"      65,000",84.53,5층
주공5,강서구 등촌동 695,"      84,000",58.14,5층
삼성한사랑1,강서구 등촌동 632-4,"      65,000",59.73,6층
유원펠리체(924-17),강서구 화곡동 924-17,"      21,300",42.85,8층
강서힐스테이트,강서구 화곡동 1165,"     140,000",84.99,5층
화곡푸르지오,강서구 화곡동 1091,"     105,000",84.914,4층
보람,강서구 화곡동 1152,"      66,000",84.98,5층
세림,강서구 화곡동 899-2,"      19,000",21.64,13층
세교예지안6차,강서구 화곡동 924-15,"      18,000",25.97,6층
중앙화곡하이츠,강서구 화곡동 351-89,"      54,000",56.88,9층
찬누리,강서구 화곡동 916-11,"      21,500",29.93,9층
성재센트리움아파트(343-35),강서구 화곡동 343-35,"      20,500",29.97,9층
삼성다빈치(917-14),강서구 화곡동 917-14,"      11,300",14.35,8층
벨라팰리스,강서구 화곡동 343-71,"      22,850",24.71,5층
대림e편한세상,강서구 화곡동 361-1,"      87,000",110.26,8층
화곡한강,강서구 화곡동 1059-19,"      55,000",92.21,4층
남광아파트,강서구 화곡동 920-15,"      26,000",32.07,12층
NS파크APT,강서구 화곡동 1076-9,"      27,000",28.74,7층
일성스카이빌,강서구 화곡동 914-3,"      41,500",72.6,4층
스위트드림아파트,강서구 화곡동 1168,"      45,000",49.36,5층
오케이B,강서구 화곡동 102-88,"      12,300",41.41,1층
유림노르웨이숲(919-1),강서구 화곡동 919-1,"      66,000",76.23,12층
강서뉴타워,강서구 화곡동 1071-19,"      73,000",84.03,9층
푸른숲,강서구 화곡동 460-1,"      54,000",59.97,6층
유림노르웨이숲(919-1),강서구 화곡동 919-1,"      67,000",76.23,11층
길성그랑프리텔,강서구 화곡동 1157,"      65,000",83.03,2층
가양우성,강서구 가양동 14-3,"     100,000",84.87,10층
강변,강서구 가양동 1475,"      64,500",34.44,7층
향교,강서구 가양동 251-5,"      43,000",71.38,2층
마곡힐스테이트,강서구 마곡동 725-1,"     126,000",59.99,13층
원당,강서구 내발산동 650-1,"      46,000",71.69,4층
우장산힐스테이트,강서구 내발산동 657,"     138,000",84.98,4층
그린씨티,강서구 내발산동 716-16,"      68,500",84.577,5층
강서월드메르디앙,강서구 내발산동 659-1,"      90,000",84.8945,5층
마곡수명산파크3단지,강서구 내발산동 751,"     118,000",84.53,7층
마곡수명산파크7단지,강서구 내발산동 756,"      89,500",84.82,4층
마곡센트레빌,강서구 방화동 906,"      70,000",59.6,6층
홍익아파트,강서구 방화동 861,"      50,000",70.44,5층
대림e-편한세상,강서구 방화동 874,"      74,500",67.68,4층
홍익아파트,강서구 방화동 861,"      45,000",70.44,7층
대림e-편한세상7,구로구 신도림동 649,"     131,000",84.928,15층
대림2,구로구 신도림동 642,"     116,000",84.95,21층
동아2,구로구 신도림동 644,"     101,000",59.595,12층
디큐브시티,구로구 신도림동 692,"     162,500",128.41,20층
대림2,구로구 신도림동 642,"     113,500",84.95,12층
대림e-편한세상4,구로구 신도림동 646,"     170,000",117.74,15층
대림2,구로구 신도림동 642,"      90,000",59.88,19층
코원,구로구 구로동 97-8,"       8,800",12.49,2층
구로아트빌라5동(806-29),구로구 구로동 806-29,"      32,800",59.91,4층
삼성래미안,구로구 구로동 256-1,"     113,000",109.651,7층
현대연예인,구로구 구로동 685-70,"      88,000",84.91,3층
(780-58),구로구 구로동 780-58,"      21,300",33.52,1층
극동,구로구 구로동 314,"      67,900",91.05,10층
종인아네스트,구로구 구로동 110,"      10,500",16.04,20층
삼성래미안,구로구 구로동 256-1,"      74,000",58.136,4층
구로두산,구로구 구로동 1265,"      49,950",44.64,15층
종인아네스트,구로구 구로동 110,"      10,800",16.04,19층
럭키,구로구 구로동 1257,"      81,000",84.9,4층
극동,구로구 구로동 314,"      48,000",58.22,2층
신도림태영타운,구로구 구로동 1267,"     102,000",84.87,18층
로제리움2차,구로구 구로동 97,"      12,000",14.91,19층
로제리움2차,구로구 구로동 97,"      12,100",14.91,14층
로제리움2차,구로구 구로동 97,"      12,100",14.91,17층
삼성래미안,구로구 구로동 256-1,"      81,500",58.136,20층
극동,구로구 구로동 314,"      66,900",91.05,9층
비즈트위트블루,구로구 구로동 107-4,"      10,500",15.12,5층
비즈트위트오렌지,구로구 구로동 44-8,"       9,500",15.6,2층
하나세인스톤3차,구로구 구로동 46-4,"      12,700",19.99,16층
대림역포스큐,구로구 구로동 106-2,"       9,000",14.579,15층
현대,구로구 구로동 74-30,"      76,000",84.57,8층
로제리움2차,구로구 구로동 97,"      12,000",14.91,19층
(793-24),구로구 구로동 793-24,"      22,900",36.31,5층
(716-17),구로구 구로동 716-17,"      24,500",35.94,2층
코원,구로구 구로동 97-8,"      10,700",12.49,6층
성호메이플라워멤버스빌,구로구 구로동 104-9,"      21,000",41.4,16층
한신휴플러스(1280-0),구로구 구로동 1280,"      73,000",50.03,4층
성호메이플라워멤버스빌,구로구 구로동 104-9,"      14,800",31.75,11층
구로두산,구로구 구로동 1265,"      52,500",44.64,25층
극동,구로구 구로동 314,"      66,000",91.01,4층
하나세인스톤2차,구로구 구로동 97-4,"      13,300",19.33,12층
구로두산위브,구로구 구로동 1278,"      52,000",36.88,10층
M센트럴뷰,구로구 구로동 487-24,"      54,900",49.29,8층
M센트럴뷰,구로구 구로동 487-24,"      49,300",48.61,5층
대림역와이즈플레이스,구로구 구로동 98-4,"      15,500",24.647,17층
신성미소지움,구로구 구로동 1274,"      74,800",84.23,12층
우성(23),구로구 구로동 23,"      85,000",51.44,10층
서울가든,구로구 고척동 141-1,"      65,300",64.39,11층
한효,구로구 고척동 52-332,"      55,000",66.72,5층
삼명,구로구 고척동 97-3,"      38,500",43.74,2층
창동,구로구 개봉동 20-1,"      34,500",56.46,5층
한진,구로구 개봉동 478,"      71,800",84.96,18층
개봉동현대아이파크,구로구 개봉동 489,"     118,000",84.98,27층
현대홈타운,구로구 개봉동 480,"     103,000",115,10층
한마을,구로구 개봉동 476,"      77,100",59.57,11층
동인,구로구 개봉동 335-1,"      43,000",67.36,6층
한마을,구로구 개봉동 476,"      75,000",59.57,9층
한백고은,구로구 오류동 6-1,"      50,000",84.69,2층
한신플러스타운,구로구 오류동 341,"      70,000",84.96,18층
한신플러스타운,구로구 오류동 341,"      60,000",59.91,11층
길훈,구로구 오류동 150-42,"      40,500",53.94,4층
시티월드,구로구 오류동 44-10,"      44,700",84.89,12층
시티월드,구로구 오류동 44-10,"      44,700",84.89,12층
라인,구로구 오류동 334,"      63,000",84.36,6층
썬앤빌,구로구 오류동 34-13,"       8,000",14.064,9층
영풍마드레빌,구로구 오류동 342,"      68,500",84.741,12층
한신플러스타운,구로구 오류동 341,"      60,000",59.91,18층
이좋은집,구로구 오류동 46-1,"      20,000",36.69,12층
썬앤빌,구로구 오류동 34-13,"       8,400",14.064,9층
온수힐스테이트,구로구 온수동 155,"     100,000",84.97,9층
천왕이펜하우스4단지,구로구 천왕동 273,"      87,000",84.97,4층
가산양우내안에애플,금천구 가산동 141-2,"      19,000",15.73,12층
가산피어니빌,금천구 가산동 143-20,"      17,500",13.4669,3층
가산피어니빌,금천구 가산동 143-20,"      14,600",14.0429,5층
비즈트위트바이올렛5차,금천구 가산동 140-36,"      11,900",12.19,10층
비즈트위트바이올렛5차,금천구 가산동 140-36,"      18,000",18.52,14층
가산양우내안에애플,금천구 가산동 141-2,"      11,500",12.04,18층
삼익,금천구 가산동 234-46,"      52,000",59.94,17층
가산양우내안에애플,금천구 가산동 141-2,"      11,500",12.04,18층
금천롯데캐슬골드파크1차,금천구 독산동 1147,"     125,000",84.4623,13층
금천롯데캐슬골드파크2차201동202동,금천구 독산동 1150,"      89,500",59.98,11층
금천현대,금천구 독산동 711-2,"      65,500",59.82,3층
신도브래뉴,금천구 독산동 955,"      76,200",73.2,16층
신도브래뉴,금천구 독산동 955,"      84,500",116.29,10층
한신아파트,금천구 독산동 1093-4,"      64,000",89.46,4층
태영아파트,금천구 독산동 1003-21,"      44,300",56.78,10층
푸른터,금천구 독산동 957,"      45,000",81.56,6층
시흥(817-29),금천구 시흥동 817-29,"      21,000",39.83,3층
힐캐슬,금천구 시흥동 960-6,"      29,700",53.01,5층
거상홈타운801동,금천구 시흥동 949-18,"      21,000",70.47,5층
벽산,금천구 시흥동 1010,"      62,000",84.99,18층
관악산벽산타운5,금천구 시흥동 1013,"      82,300",114.84,16층
우방,금천구 시흥동 1011,"      60,000",84.84,13층
창방누리애,영등포구 영등포동1가 40-1,"      83,000",84.37,2층
여의도씨티아이,영등포구 영등포동1가 113-1,"      12,600",12.59,14층
이지리움S,영등포구 영등포동2가 28-117,"      13,200",13.37,7층
이지리움S,영등포구 영등포동2가 28-117,"      12,000",13.37,9층
영등포그랑그루,영등포구 영등포동4가 103,"      14,500",12.1,11층
영등포그랑그루,영등포구 영등포동4가 103,"      13,000",12.1,11층
경남아너스빌,영등포구 영등포동7가 46-1,"     125,000",84.93,9층
경남아너스빌,영등포구 영등포동7가 46-1,"      98,000",59.9,12층
경남아너스빌,영등포구 영등포동7가 46-1,"     137,700",114.77,8층
아크로타워스퀘어,영등포구 영등포동7가 203,"     172,500",84.65,5층
라이프콤비,영등포구 여의도동 61-4,"     181,000",131.6,23층
목화,영등포구 여의도동 30,"     218,500",89.26,3층
롯데캐슬엠파이어,영등포구 여의도동 36,"     239,000",163.86,14층
리첸시아,영등포구 여의도동 61,"     241,000",147.71,33층
롯데캐슬엠파이어,영등포구 여의도동 36,"     290,000",182.62,39층
대우트럼프월드Ⅰ,영등포구 여의도동 55-1,"     443,000",244.91,39층
대우트럼프월드Ⅰ,영등포구 여의도동 55-1,"     443,000",244.91,39층
광장,영등포구 여의도동 28,"     360,000",183.27,8층
여의도자이,영등포구 여의도동 47,"     304,000",163.64,26층
당산대우,영등포구 당산동2가 16-1,"      39,900",31.73,14층
당산대우,영등포구 당산동2가 16-1,"      40,300",31.73,16층
쌍용예가클래식,영등포구 당산동3가 559,"     117,500",68.28,8층
당산금호어울림,영등포구 당산동4가 95,"     133,000",84.25,7층
당산효성타운2차,영등포구 당산동5가 13,"     158,000",84.38,6층
당산삼성래미안4차,영등포구 당산동5가 42,"     180,000",115.78,8층
당산삼성래미안4차,영등포구 당산동5가 42,"     174,000",97.27,6층
리버뷰,영등포구 당산동 121-130,"      16,500",18.36,14층
리버뷰,영등포구 당산동 121-130,"      14,700",19.42,16층
한라,영등포구 도림동 231-1,"      79,000",84.91,3층
문래공원한신,영등포구 문래동3가 77-2,"      95,000",58.96,11층
국화맨션,영등포구 문래동3가 76-1,"     132,000",84.71,12층
현대3차,영등포구 문래동5가 21,"      87,800",84.55,8층
문래베어스타운,영등포구 문래동6가 38-1,"      84,000",59.95,9층
문래베어스타운,영등포구 문래동6가 38-1,"      89,000",59.95,12층
삼천리,영등포구 양평동3가 24,"      94,500",59.95,11층
월드메르디앙,영등포구 양평동3가 19,"     100,000",84.44,9층
삼호,영등포구 양평동3가 66,"      94,500",84.92,14층
현대2차,영등포구 양평동3가 79-4,"     118,000",80.92,4층
약산,영등포구 양평동4가 160-2,"      22,000",39.99,5층
양평한신,영등포구 양평동5가 76,"      85,000",59.94,7층
양평한신,영등포구 양평동5가 76,"      88,000",59.94,19층
양평한신,영등포구 양평동5가 76,"      88,500",59.94,18층
동양,영등포구 양평동6가 100,"      83,000",59.86,6층
삼환,영등포구 신길동 897-1,"     112,200",84.84,8층
삼환,영등포구 신길동 897-1,"      98,000",59.53,16층
여의도리버뷰,영등포구 신길동 4942,"      11,000",12.96,4층
여의도리버뷰,영등포구 신길동 4942,"      16,600",12.96,6층
여의도리버뷰,영등포구 신길동 4942,"      11,500",12.96,5층
삼환,영등포구 신길동 897-1,"     115,000",84.84,21층
우성1,영등포구 신길동 365,"     100,000",83.64,1층
한성,영등포구 신길동 769-1,"      82,500",59.87,4층
보라매경남아너스빌,영등포구 신길동 4780,"     101,000",84.79,4층
보라매경남아너스빌,영등포구 신길동 4780,"     101,000",84.79,4층
보라매 신동아 파밀리에,영등포구 대림동 1125,"     109,000",84.88,7층
쌍용플래티넘S,영등포구 대림동 717,"      10,750",18.24,6층
성원(650),영등포구 대림동 650,"      65,000",59.63,14층
신동아,영등포구 대림동 777-1,"      71,000",67.41,4층
힐스테이트 상도 프레스티지,동작구 상도동 533,"     153,000",84.951,15층
중앙하이츠빌,동작구 상도동 415,"     116,400",84.9883,16층
상도휴엔하임,동작구 상도동 363-164,"      14,700",14.7,9층
래미안상도3차,동작구 상도동 431,"     146,800",84.96,3층
이수브라운스톤상도(527-0),동작구 상도동 527,"     134,000",84.99,11층
래미안상도3차,동작구 상도동 431,"     147,500",84.96,5층
상도휴엔하임,동작구 상도동 363-164,"      17,400",14.7,9층
성우아파트,동작구 상도동 380-1,"      48,000",64.94,4층
삼성래미안,동작구 본동 492,"     149,000",114.9855,7층
삼성래미안,동작구 본동 492,"     132,000",84.2261,5층
한강쌍용,동작구 본동 150,"     123,500",84.54,8층
흑석한강푸르지오,동작구 흑석동 336,"     146,000",59.84,4층
롯데캐슬에듀포레,동작구 흑석동 340,"     150,000",59.8718,9층
래미안로이파크,동작구 사당동 1159,"     172,000",84.98,11층
래미안로이파크,동작구 사당동 1159,"     148,500",59.98,8층
사당롯데캐슬골든포레,동작구 사당동 1160,"     110,200",84.9787,14층
사당롯데캐슬골든포레,동작구 사당동 1160,"     103,000",59.9775,18층
극동(105),동작구 사당동 105,"     107,000",84.32,1층
래미안로이파크,동작구 사당동 1159,"     173,000",84.98,16층
대림(169-8),동작구 사당동 169-8,"     136,000",84.91,12층
제일,동작구 사당동 240-15,"      94,000",60.03,8층
제일,동작구 사당동 240-15,"      94,000",60.03,8층
그린힐,동작구 대방동 381-35,"      62,000",74.47,3층
한국개나리,동작구 대방동 504,"     101,000",108.99,8층
보라매센트럴타운,동작구 대방동 522,"      25,400",17.3185,2층
보라매센트럴타운,동작구 대방동 522,"      25,400",17.3185,2층
보라매센트럴타운,동작구 대방동 522,"      25,400",17.3185,2층
보라매센트럴타운,동작구 대방동 522,"      25,400",17.3185,2층
보라매센트럴타운,동작구 대방동 522,"      25,400",17.3185,2층
보라매센트럴타운,동작구 대방동 522,"      25,350",17.3185,2층
보라매센트럴타운,동작구 대방동 522,"      25,350",17.3185,2층
보라매센트럴타운,동작구 대방동 522,"      25,350",17.3185,2층
보라매센트럴타운,동작구 대방동 522,"      24,650",16.9036,2층
보라매센트럴타운,동작구 대방동 522,"      24,650",16.9036,2층
보라매센트럴타운,동작구 대방동 522,"      24,650",16.9036,2층
보라매센트럴타운,동작구 대방동 522,"      25,900",17.3185,3층
보라매센트럴타운,동작구 대방동 522,"      25,900",17.3185,3층
보라매센트럴타운,동작구 대방동 522,"      25,900",17.3185,3층
보라매센트럴타운,동작구 대방동 522,"      25,900",17.3185,3층
보라매센트럴타운,동작구 대방동 522,"      25,900",17.3185,3층
보라매센트럴타운,동작구 대방동 522,"      25,900",17.3185,3층
보라매센트럴타운,동작구 대방동 522,"      25,900",17.3185,3층
보라매센트럴타운,동작구 대방동 522,"      25,950",17.3185,3층
보라매센트럴타운,동작구 대방동 522,"      25,950",17.3185,3층
보라매센트럴타운,동작구 대방동 522,"      25,950",17.3185,3층
보라매센트럴타운,동작구 대방동 522,"      25,150",16.9036,3층
보라매센트럴타운,동작구 대방동 522,"      25,150",16.9036,3층
보라매센트럴타운,동작구 대방동 522,"      25,150",16.9036,3층
보라매센트럴타운,동작구 대방동 522,"      26,450",17.3185,4층
보라매센트럴타운,동작구 대방동 522,"      26,450",17.3185,4층
보라매센트럴타운,동작구 대방동 522,"      26,450",17.3185,4층
보라매센트럴타운,동작구 대방동 522,"      26,450",17.3185,4층
보라매센트럴타운,동작구 대방동 522,"      26,450",17.3185,4층
보라매센트럴타운,동작구 대방동 522,"      26,450",17.3185,4층
보라매센트럴타운,동작구 대방동 522,"      26,450",17.3185,4층
보라매센트럴타운,동작구 대방동 522,"      26,450",17.3185,4층
보라매센트럴타운,동작구 대방동 522,"      26,450",17.3185,4층
보라매센트럴타운,동작구 대방동 522,"      26,450",17.3185,4층
보라매센트럴타운,동작구 대방동 522,"      25,700",16.9036,4층
보라매센트럴타운,동작구 대방동 522,"      25,700",16.9036,4층
보라매센트럴타운,동작구 대방동 522,"      25,700",16.9036,4층
보라매센트럴타운,동작구 대방동 522,"      27,100",17.3185,5층
보라매센트럴타운,동작구 대방동 522,"      27,100",17.3185,5층
보라매센트럴타운,동작구 대방동 522,"      27,100",17.3185,5층
보라매센트럴타운,동작구 대방동 522,"      27,100",17.3185,5층
보라매센트럴타운,동작구 대방동 522,"      27,100",17.3185,5층
보라매센트럴타운,동작구 대방동 522,"      27,100",17.3185,5층
보라매센트럴타운,동작구 대방동 522,"      27,100",17.3185,5층
보라매센트럴타운,동작구 대방동 522,"      27,250",17.3185,5층
보라매센트럴타운,동작구 대방동 522,"      27,250",17.3185,5층
보라매센트럴타운,동작구 대방동 522,"      27,250",17.3185,5층
보라매센트럴타운,동작구 대방동 522,"      26,500",16.9036,5층
보라매센트럴타운,동작구 대방동 522,"      26,500",16.9036,5층
보라매센트럴타운,동작구 대방동 522,"      26,500",16.9036,5층
보라매센트럴타운,동작구 대방동 522,"      27,100",17.3185,6층
보라매센트럴타운,동작구 대방동 522,"      27,100",17.3185,6층
보라매센트럴타운,동작구 대방동 522,"      27,100",17.3185,6층
보라매센트럴타운,동작구 대방동 522,"      27,100",17.3185,6층
보라매센트럴타운,동작구 대방동 522,"      27,100",17.3185,6층
보라매센트럴타운,동작구 대방동 522,"      27,100",17.3185,6층
보라매센트럴타운,동작구 대방동 522,"      27,100",17.3185,6층
보라매센트럴타운,동작구 대방동 522,"      27,250",17.3185,6층
보라매센트럴타운,동작구 대방동 522,"      27,250",17.3185,6층
보라매센트럴타운,동작구 대방동 522,"      27,250",17.3185,6층
보라매센트럴타운,동작구 대방동 522,"      26,500",16.9036,6층
보라매센트럴타운,동작구 대방동 522,"      26,500",16.9036,6층
보라매센트럴타운,동작구 대방동 522,"      26,500",16.9036,6층
보라매센트럴타운,동작구 대방동 522,"      27,400",17.3185,7층
보라매센트럴타운,동작구 대방동 522,"      27,400",17.3185,7층
보라매센트럴타운,동작구 대방동 522,"      27,400",17.3185,7층
보라매센트럴타운,동작구 대방동 522,"      27,400",17.3185,7층
보라매센트럴타운,동작구 대방동 522,"      27,400",17.3185,7층
보라매센트럴타운,동작구 대방동 522,"      27,400",17.3185,7층
보라매센트럴타운,동작구 대방동 522,"      27,400",17.3185,7층
보라매센트럴타운,동작구 대방동 522,"      27,550",17.3185,7층
보라매센트럴타운,동작구 대방동 522,"      27,550",17.3185,7층
보라매센트럴타운,동작구 대방동 522,"      27,550",17.3185,7층
보라매센트럴타운,동작구 대방동 522,"      26,750",16.9036,7층
보라매센트럴타운,동작구 대방동 522,"      26,750",16.9036,7층
보라매센트럴타운,동작구 대방동 522,"      26,750",16.9036,7층
보라매센트럴타운,동작구 대방동 522,"      27,400",17.3185,8층
보라매센트럴타운,동작구 대방동 522,"      27,400",17.3185,8층
보라매센트럴타운,동작구 대방동 522,"      27,400",17.3185,8층
보라매센트럴타운,동작구 대방동 522,"      27,400",17.3185,8층
보라매센트럴타운,동작구 대방동 522,"      27,400",17.3185,8층
보라매센트럴타운,동작구 대방동 522,"      27,400",17.3185,8층
보라매센트럴타운,동작구 대방동 522,"      27,400",17.3185,8층
보라매센트럴타운,동작구 대방동 522,"      27,550",17.3185,8층
보라매센트럴타운,동작구 대방동 522,"      27,550",17.3185,8층
보라매센트럴타운,동작구 대방동 522,"      27,550",17.3185,8층
보라매센트럴타운,동작구 대방동 522,"      26,750",16.9036,8층
보라매센트럴타운,동작구 대방동 522,"      26,750",16.9036,8층
보라매센트럴타운,동작구 대방동 522,"      26,750",16.9036,8층
보라매센트럴타운,동작구 대방동 522,"      27,700",17.3185,9층
보라매센트럴타운,동작구 대방동 522,"      27,700",17.3185,9층
보라매센트럴타운,동작구 대방동 522,"      27,700",17.3185,9층
보라매센트럴타운,동작구 대방동 522,"      27,700",17.3185,9층
보라매센트럴타운,동작구 대방동 522,"      27,700",17.3185,9층
보라매센트럴타운,동작구 대방동 522,"      27,700",17.3185,9층
보라매센트럴타운,동작구 대방동 522,"      27,700",17.3185,9층
보라매센트럴타운,동작구 대방동 522,"      27,800",17.3185,9층
보라매센트럴타운,동작구 대방동 522,"      27,800",17.3185,9층
보라매센트럴타운,동작구 대방동 522,"      27,800",17.3185,9층
보라매센트럴타운,동작구 대방동 522,"      27,000",16.9036,9층
보라매센트럴타운,동작구 대방동 522,"      27,000",16.9036,9층
보라매센트럴타운,동작구 대방동 522,"      27,000",16.9036,9층
보라매센트럴타운,동작구 대방동 522,"      27,700",17.3185,10층
보라매센트럴타운,동작구 대방동 522,"      27,700",17.3185,10층
보라매센트럴타운,동작구 대방동 522,"      27,700",17.3185,10층
보라매센트럴타운,동작구 대방동 522,"      27,700",17.3185,10층
보라매센트럴타운,동작구 대방동 522,"      27,700",17.3185,10층
보라매센트럴타운,동작구 대방동 522,"      27,700",17.3185,10층
보라매센트럴타운,동작구 대방동 522,"      27,700",17.3185,10층
보라매센트럴타운,동작구 대방동 522,"      27,800",17.3185,10층
보라매센트럴타운,동작구 대방동 522,"      27,800",17.3185,10층
보라매센트럴타운,동작구 대방동 522,"      27,800",17.3185,10층
보라매센트럴타운,동작구 대방동 522,"      27,000",16.9036,10층
보라매센트럴타운,동작구 대방동 522,"      27,000",16.9036,10층
보라매센트럴타운,동작구 대방동 522,"      27,000",16.9036,10층
보라매센트럴타운,동작구 대방동 522,"      27,700",17.3185,11층
보라매센트럴타운,동작구 대방동 522,"      27,700",17.3185,11층
보라매센트럴타운,동작구 대방동 522,"      27,700",17.3185,11층
보라매센트럴타운,동작구 대방동 522,"      27,700",17.3185,11층
보라매센트럴타운,동작구 대방동 522,"      27,700",17.3185,11층
보라매센트럴타운,동작구 대방동 522,"      27,700",17.3185,11층
보라매센트럴타운,동작구 대방동 522,"      27,700",17.3185,11층
보라매센트럴타운,동작구 대방동 522,"      29,100",17.7132,11층
보라매센트럴타운,동작구 대방동 522,"      29,100",17.7132,11층
보라매센트럴타운,동작구 대방동 522,"      27,000",16.9036,11층
보라매센트럴타운,동작구 대방동 522,"      27,000",16.9036,11층
보라매센트럴타운,동작구 대방동 522,"      27,000",16.9036,11층
보라매센트럴타운,동작구 대방동 522,"      27,550",17.3185,12층
보라매센트럴타운,동작구 대방동 522,"      27,550",17.3185,12층
보라매센트럴타운,동작구 대방동 522,"      27,550",17.3185,12층
보라매센트럴타운,동작구 대방동 522,"      27,550",17.3185,12층
보라매센트럴타운,동작구 대방동 522,"      27,550",17.3185,12층
보라매센트럴타운,동작구 대방동 522,"      26,900",16.9036,12층
보라매센트럴타운,동작구 대방동 522,"      26,900",16.9036,12층
보라매센트럴타운,동작구 대방동 522,"      26,900",16.9036,12층
대림아파트,동작구 대방동 501,"     183,000",134.25,17층
진성마블로스,동작구 대방동 394-2,"      13,100",14.134,4층
펭귄,동작구 신대방동 364-55,"      47,500",57.69,5층
보라매자이더포레스트,동작구 신대방동 724,"     110,000",59.3399,18층
보라매파크빌,동작구 신대방동 711,"     114,000",84.59,9층
신동아,동작구 신대방동 360-17,"      59,900",48.18,12층
마에스트로캠퍼스타운,관악구 봉천동 893-12,"      13,900",13.15,15층
e편한세상서울대입구1단지,관악구 봉천동 1730,"     132,500",84.97,12층
마에스트로캠퍼스타운,관악구 봉천동 893-12,"      12,700",14.49,6층
마에스트로캠퍼스타운,관악구 봉천동 893-12,"      13,400",13.15,14층
관악파크푸르지오,관악구 봉천동 1728,"     107,000",84.98,1층
벽산블루밍,관악구 봉천동 1718,"      77,000",59.99,13층
봉천우성,관악구 봉천동 1706,"      76,500",59.76,9층
봉천동아,관악구 봉천동 1703,"      78,000",59.76,7층
마에스트로캠퍼스타운,관악구 봉천동 893-12,"      13,200",13.15,8층
인헌,관악구 봉천동 1725,"      64,000",59.75,5층
봉천우성,관악구 봉천동 1706,"      82,000",59.76,15층
관악푸르지오,관악구 봉천동 1717,"     107,500",84.75,11층
마에스트로캠퍼스타운,관악구 봉천동 893-12,"      13,200",13.15,9층
마에스트로캠퍼스타운,관악구 봉천동 893-12,"      13,200",13.15,9층
은천2단지아파트,관악구 봉천동 1707-1,"      70,000",59.93,3층
서울대입구삼성,관악구 봉천동 1591-2,"      81,000",59.78,11층
관악드림(동아),관악구 봉천동 1712,"      91,000",60,14층
관악드림(삼성),관악구 봉천동 1712,"     105,000",84.96,18층
서울대역마에스트로,관악구 봉천동 869-6,"      17,800",19.46,17층
보라매롯데캐슬,관악구 봉천동 729-22,"     165,000",166.39,27층
금강아미움(101동),관악구 봉천동 1522-28,"      83,000",71.1203,5층
관악청광플러스원,관악구 봉천동 1726,"      83,000",82.04,5층
e편한세상서울대입구1단지,관악구 봉천동 1730,"     130,000",84.95,12층
프라비다1,관악구 봉천동 869-3,"      15,600",13.97,19층
프라비다M,관악구 봉천동 893-1,"      30,900",30.12,14층
신림큐브,관악구 신림동 1421-1,"      16,000",12.96,8층
G밸리마인드,관악구 신림동 1655-17,"      19,500",14.96,13층
신림스카이아파트,관악구 신림동 1744,"      59,900",56.46,3층
미래한건(1563-78),관악구 신림동 1563-78,"      33,000",68.95,4층
G밸리마인드,관악구 신림동 1655-17,"      21,000",14.96,14층
초원,관악구 신림동 1712,"      51,000",59.93,11층
신림푸르지오,관악구 신림동 1730,"     105,500",84.79,5층
관악,관악구 신림동 244,"      45,000",62.69,5층
프라비다트라움,관악구 신림동 1433-55,"      14,000",14.06,10층
보라매갑을,관악구 신림동 1718,"      77,500",74.7,7층
청암두산위브센티움,관악구 신림동 86-3,"      90,500",98.31,12층
윤정,관악구 신림동 546-7,"      30,000",59.82,6층
래디앙아파트,관악구 신림동 244-21,"      62,000",67.88,2층
래디앙아파트,관악구 신림동 244-21,"      62,000",67.88,2층
하이파크,관악구 남현동 1079-3,"      98,500",84.3,5층
예성그랑펠리체,관악구 남현동 1138,"     101,000",83.45,2층
방배대우디오빌,서초구 방배동 866-20,"      42,750",36.63,17층
삼익,서초구 방배동 1018-1,"     282,000",151.54,6층
삼호1동~3동,서초구 방배동 770-1,"     185,000",81.39,8층
방배그랑자이,서초구 방배동 3283,"     295,000",84.972,11층
방배1차현대홈타운,서초구 방배동 1344,"     222,000",84.96,11층
방배롯데캐슬로제,서초구 방배동 849-30,"     355,000",172.27,3층
삼성래미안1,서초구 방배동 2626,"     192,000",114.94,7층
서희융창,서초구 방배동 483-1,"      77,970",84.93,4층
서희융창,서초구 방배동 483-1,"     187,000",70.02,7층
서희융창,서초구 방배동 483-1,"      92,560",101.83,3층
서초힐스,서초구 우면동 773,"     165,000",84.96,22층
서초네이처힐1단지,서초구 우면동 707,"     170,000",84.82,6층
엘에이치서초4단지,서초구 우면동 788,"     114,700",84.95,15층
래미안신반포팰리스,서초구 잠원동 158,"     410,000",104.03,27층
훼미리,서초구 잠원동 51,"     240,000",84.69,8층
신반포16,서초구 잠원동 55-12,"     265,000",82.98,9층
동아,서초구 잠원동 157,"     230,000",59.92,19층
현대,서초구 잠원동 53,"     222,000",84.87,3층
데뜨아르,서초구 잠원동 67-1,"     195,000",84.99,9층
동아,서초구 잠원동 157,"     275,000",84.91,10층
금호베스트빌,서초구 잠원동 58,"     305,000",140.36,9층
래미안신반포리오센트,서초구 잠원동 161,"     410,000",133.37,3층
동아,서초구 잠원동 157,"     280,000",84.91,11층
아크로리버뷰신반포,서초구 잠원동 159,"     438,000",78.5,26층
킴스빌리지,서초구 잠원동 71-12,"      80,900",23.7,12층
반포주공1단지,서초구 반포동 757,"     660,000",140.13,5층
에이아이디차관주택,서초구 반포동 968,"     324,000",72.51,1층
아크로리버파크,서초구 반포동 2-12,"     590,000",129.95,3층
반포에스케이뷰,서초구 반포동 112-15,"     330,000",204.81,1층
에이아이디차관주택,서초구 반포동 968,"     284,000",72.51,2층
반포서래월드메르디앙스칼라아파트B동,서초구 반포동 550-27,"     165,000",123.08,4층
몽마르뜨파크,서초구 반포동 577-35,"      90,000",112.9,3층
래미안퍼스티지,서초구 반포동 18-1,"     559,000",135.92,14층
래미안퍼스티지,서초구 반포동 18-1,"     559,000",135.92,14층
반포주공1단지,서초구 반포동 757,"     565,000",107.47,5층
반포자이,서초구 반포동 20-43,"     720,000",216.49,24층
상지리츠빌2차,서초구 반포동 99-3,"     225,000",163.6,2층
에이아이디차관주택,서초구 반포동 968,"     340,000",72.51,5층
반포주공1단지,서초구 반포동 757,"     590,000",107.47,3층
스위트빌,서초구 서초동 1513-5,"     128,000",84.66,5층
서초대우아이빌,서초구 서초동 1675-11,"      33,000",37.777,6층
대림서초리시온,서초구 서초동 1671-5,"      37,500",33.54,11층
서초래미안,서초구 서초동 1682,"     252,000",84.97,8층
대림서초리시온,서초구 서초동 1671-5,"      60,000",45.1,13층
삼풍아파트,서초구 서초동 1685,"     425,000",163.81,15층
지에스타워,서초구 서초동 1675-10,"      45,300",25.91,6층
urbanplace,서초구 서초동 1337-3,"      26,000",21.07,3층
우성아파트,서초구 서초동 1326-17,"     277,000",134.91,16층
서초자연인아파트(101동),서초구 서초동 1344-22,"      27,000",27.38,2층
래미안 리더스원,서초구 서초동 1755,"     405,000",114.94,20층
서초이오빌,서초구 서초동 1593-7,"      43,000",45.96,21층
삼성서초가든스위트,서초구 서초동 1326,"     348,000",164.33,19층
풍림아이원플러스,서초구 서초동 1338-1,"      37,300",35.903,10층
삼풍아파트,서초구 서초동 1685,"     390,000",163.81,2층
역삼래미안,강남구 역삼동 757,"     279,500",80.87,20층
테헤란아이파크,강남구 역삼동 709-5,"     280,000",92.6232,4층
대우디오빌플러스,강남구 역삼동 824-25,"      31,900",34.41,5층
브라운스톤역삼,강남구 역삼동 747-5,"      95,000",59.96,12층
역삼푸르지오,강남구 역삼동 754-1,"     230,000",59.8848,24층
대우디오빌,강남구 역삼동 720-25,"      32,000",30.03,6층
개나리래미안,강남구 역삼동 754,"     335,000",114.65,5층
역삼래미안,강남구 역삼동 757,"     203,500",59.73,11층
역삼I'PARK,강남구 역삼동 713-11,"     360,000",131.38,4층
한화진넥스빌,강남구 역삼동 706-20,"      33,700",34.82,26층
성원대치2단지아파트,강남구 개포동 12,"     108,000",33.18,15층
래미안블레스티지,강남구 개포동 1280,"     360,000",99.991,32층
개포래미안포레스트,강남구 개포동 1282,"     195,000",59.92,10층
래미안블레스티지,강남구 개포동 1280,"     214,000",59.967,5층
성원대치2단지아파트,강남구 개포동 12,"      95,000",33.18,4층
신동아,강남구 청담동 134-16,"     275,000",84.94,13층
청담자이,강남구 청담동 134-38,"     355,000",90.197,27층
대우로얄카운티3,강남구 청담동 117-6,"     495,000",244.72,3층
청담디에브스아파트,강남구 청담동 62-6,"     117,562",91.68,3층
LG선릉에클라트(B),강남구 삼성동 142-3,"      32,000",36.35,12층
LG선릉에클라트(A),강남구 삼성동 142-7,"      37,500",36.16,2층
LG선릉에클라트(A),강남구 삼성동 142-7,"      37,500",36.16,2층
진흥아파트,강남구 삼성동 53-2,"     440,000",207.82,7층
아이파크,강남구 삼성동 87,"     500,000",156.857,10층
삼성동힐스테이트 1단지,강남구 삼성동 16-2,"     126,000",31.402,15층
삼성동롯데아파트,강남구 삼성동 17,"     175,500",59.4,16층
채널리저브,강남구 삼성동 144-14,"     181,000",84.94,18층
상지리츠빌카일룸(65-4),강남구 삼성동 65-4,"     545,000",237.74,6층
포스코트,강남구 삼성동 146,"     300,000",160.53,10층
삼성동힐스테이트 1단지,강남구 삼성동 16-2,"     345,000",114.463,11층
테헤란로대우아이빌(891-6),강남구 대치동 891-6,"      85,000",65.24,26층
"쌍용대치아파트1동,2동,3동,5동,6동",강남구 대치동 66,"     279,000",83.56,11층
테헤란로대우아이빌(891-6),강남구 대치동 891-6,"      42,300",35.61,16층
대치현대,강남구 대치동 974,"     246,000",85,9층
한보미도맨션1,강남구 대치동 511,"     383,000",128.01,11층
롯데캐슬,강남구 대치동 893,"     260,000",105.18,8층
한보미도맨션1,강남구 대치동 511,"     387,000",128.01,4층
한보미도맨션1,강남구 대치동 511,"     387,000",128.01,4층
한보미도맨션2,강남구 대치동 511,"     380,000",126.33,10층
한보미도맨션2,강남구 대치동 511,"     380,000",126.33,10층
래미안대치팰리스,강남구 대치동 1027,"     530,000",151.31,31층
마일스디오빌,강남구 논현동 58-2,"      40,500",36.29,8층
마일스디오빌,강남구 논현동 58-2,"      40,300",36.29,6층
동부센트레빌,강남구 논현동 275,"     192,000",84.9875,8층
한양수자인어반게이트,강남구 논현동 221-7,"      20,500",16.2,7층
마일스디오빌,강남구 논현동 58-2,"      41,500",36.29,13층
신동아(22),강남구 논현동 22,"      99,500",35.73,5층
경남논현,강남구 논현동 274,"     131,000",83.72,5층
한화꿈에그린2차,강남구 논현동 194-23,"     137,000",83.7,6층
한양수자인어반게이트,강남구 논현동 221-7,"      22,000",16.2,7층
마일스디오빌,강남구 논현동 58-2,"      40,500",36.29,13층
"현대1차(12,13,21,22,31,32,33동)",강남구 압구정동 369-1,"     476,500",131.49,3층
"현대7차(73~77,82,85동)",강남구 압구정동 456,"     550,000",157.36,5층
수서,강남구 일원동 711,"     103,000",39.98,14층
삼익,강남구 수서동 708,"     165,000",60,15층
삼익,강남구 수서동 708,"     188,500",84.48,8층
강남 더샵 포레스트,강남구 수서동 799,"     295,000",124.5792,11층
까치마을,강남구 수서동 746,"     135,000",49.5,1층
신동아,강남구 수서동 736,"      97,000",33.18,11층
강남 더샵 포레스트,강남구 수서동 799,"     295,000",124.5792,11층
도곡렉슬,강남구 도곡동 527,"     310,000",84.9984,7층
대림아크로빌,강남구 도곡동 467-6,"     300,000",138.657,46층
타워팰리스1,강남구 도곡동 467,"     435,000",164.97,46층
타워팰리스1,강남구 도곡동 467,"     435,000",164.97,46층
현대비젼21,강남구 도곡동 467-19,"      46,000",32.65,24층
포스코트,강남구 도곡동 164-6,"     395,000",200.9,14층
포스코트,강남구 도곡동 164-6,"     395,000",200.9,14층
도곡스타빌,강남구 도곡동 514-3,"      86,000",53.81,4층
우성4,강남구 도곡동 465,"     370,000",152.74,9층
도곡렉슬,강남구 도곡동 527,"     160,000",84.9984,13층
아카데미스위트1,강남구 도곡동 467-7,"     243,000",128.74,8층
타워팰리스1,강남구 도곡동 467,"     425,000",164.97,47층
도곡렉슬,강남구 도곡동 527,"     550,000",176.9924,14층
잠실엘스,송파구 잠실동 19,"     240,000",84.8,1층
트리지움,송파구 잠실동 35,"     230,000",84.95,22층
주공아파트 5단지,송파구 잠실동 27,"     304,600",82.61,14층
리센츠,송파구 잠실동 22,"     365,000",124.22,16층
아시아선수촌아파트,송파구 잠실동 86,"     418,000",151.008,6층
리센츠,송파구 잠실동 22,"      98,000",27.68,29층
레이크팰리스,송파구 잠실동 44,"     338,000",135.82,12층
잠실엘스,송파구 잠실동 19,"     235,000",84.8,11층
주공아파트 5단지,송파구 잠실동 27,"     275,500",76.5,3층
리센츠,송파구 잠실동 22,"     120,300",27.68,2층
잠실엘스,송파구 잠실동 19,"     225,000",84.8,3층
주공아파트 5단지,송파구 잠실동 27,"     318,500",82.51,14층
롯데캐슬골드,송파구 신천동 7-18,"     267,500",166.7,15층
파크리오,송파구 신천동 17,"     212,000",84.79,25층
파크리오,송파구 신천동 17,"     193,000",59.95,17층
파크리오,송파구 신천동 17,"     191,000",59.86,8층
파크리오,송파구 신천동 17,"     250,000",84.79,9층
파크리오,송파구 신천동 17,"     211,500",84.9,8층
롯데캐슬골드,송파구 신천동 7-18,"     340,000",209.49,31층
극동,송파구 풍납동 391,"     132,500",79.945,5층
현대리버빌1지구,송파구 풍납동 260,"     140,000",114.56,1층
트윈레이크팰리스빌,송파구 송파동 58-15,"      37,800",28.11,4층
송파삼성래미안아파트,송파구 송파동 162,"     164,500",79.7,22층
석촌호수효성해링턴타워,송파구 석촌동 24-3,"      57,800",33.6891,5층
석촌호수효성해링턴타워,송파구 석촌동 24-3,"      24,000",15.8307,14층
현대(201),송파구 석촌동 226-2,"      56,800",68.1,6층
현대(201),송파구 석촌동 226-2,"      50,500",64.35,4층
석촌호수효성해링턴타워,송파구 석촌동 24-3,"      28,500",15.8307,18층
두산위브,송파구 가락동 98,"      24,000",33.1,10층
가락금호아파트,송파구 가락동 95-1,"     136,000",59.91,14층
가락쌍용(2차),송파구 가락동 21-6,"     127,500",59.88,10층
가락쌍용(2차),송파구 가락동 21-6,"     127,500",59.88,10층
헬리오시티,송파구 가락동 913,"     202,000",84.98,8층
한화오벨리스크,송파구 가락동 78-1,"      22,500",30.25,19층
한화오벨리스크,송파구 가락동 78-1,"      18,700",25.32,22층
두산위브,송파구 가락동 98,"      26,000",33.1,10층
문정래미안,송파구 문정동 1,"     223,400",170.7,17층
올림픽훼밀리타운,송파구 문정동 150,"     233,000",136.325,4층
문정시영,송파구 문정동 145,"      83,000",39.69,12층
올림픽훼밀리타운,송파구 문정동 150,"     212,000",117.585,8층
문정시영,송파구 문정동 145,"      70,000",35.46,12층
위례24단지(꿈에그린),송파구 장지동 901,"     105,000",51.77,6층
대림,송파구 방이동 217,"     205,000",153.475,14층
해태그린피아빌라트,송파구 방이동 180-8,"     200,000",230.36,5층
은성아파트,송파구 방이동 148-7,"      72,000",80.09,2층
은성아파트,송파구 방이동 148-7,"      72,000",80.09,2층
송파두산위브,송파구 오금동 135,"      96,800",59.9823,3층
매그놀리아(1차),송파구 오금동 81-2,"      79,000",80.09,5층
e편한세상송파파크센트럴,송파구 거여동 696,"     137,000",84.96,21층
거여5단지,송파구 거여동 294,"      86,000",59.74,15층
e편한세상송파파크센트럴,송파구 거여동 696,"     128,000",84.95,14층
성동레인보우,송파구 거여동 129,"      62,200",59.99,2층
우방아파트,송파구 마천동 576,"      93,000",79.07,7층
씨티,송파구 마천동 31-1,"      75,000",84.98,6층
씨티,송파구 마천동 31-1,"      75,000",84.98,6층
래미안솔베뉴,강동구 명일동 359,"     140,000",59.11,31층
고덕 아이파크,강동구 고덕동 499,"     125,000",59.99,12층
고덕아르테온,강동구 상일동 519,"     129,000",59.98,3층
고덕아르테온,강동구 상일동 519,"     128,500",59.98,3층
고덕센트럴IPARK,강동구 상일동 513,"     121,000",59.97,1층
고덕자이,강동구 상일동 521,"     160,000",84.9712,8층
고덕롯데캐슬베네루체,강동구 상일동 514,"     160,000",84.146,6층
에이치비골드빌(103동),강동구 길동 384-5,"      43,300",42.3,9층
다성이즈빌(387-4),강동구 길동 387-4,"      30,000",21.32,8층
강동와이시티,강동구 길동 414-4,"      10,900",13.97,16층
예전이룸1차,강동구 길동 242-6,"      63,500",76.57,4층
강동와이시티,강동구 길동 414-4,"      12,000",13.97,8층
청광플러스원큐브2차,강동구 길동 457,"      10,900",14.495,9층
현대웰하임(201동),강동구 길동 343-2,"       9,500",14.468,3층
다성이즈빌(주상복합),강동구 길동 388-7,"      13,000",17.91,9층
강동렘브란트,강동구 길동 457-1,"      13,800",15.86,9층
다성이즈빌,강동구 길동 456-4,"      29,600",22.96,7층
청호뜨레피움퍼스트아파트,강동구 둔촌동 64,"      64,400",56.65,5층
암사라인,강동구 암사동 442,"      96,000",84.87,4층
선사현대아파트,강동구 암사동 509,"     149,000",82.94,6층
한강현대,강동구 암사동 442-1,"     124,000",84.93,27층
선사현대아파트,강동구 암사동 509,"     114,000",59.64,16층
건영아모리움,강동구 성내동 244-6,"      13,800",11.9815,10층
건영아모리움,강동구 성내동 244-6,"      13,200",11.8514,10층
한양립스,강동구 성내동 244-5,"      12,800",12.33,5층
올림픽파크힐,강동구 성내동 446-17,"      84,500",84.52,7층
현대,강동구 성내동 30-2,"     129,000",84.56,6층
에스케이허브진,강동구 성내동 194,"      40,500",30.26,3층
금호아파트,강동구 천호동 44,"      37,100",27.61,4층
현진리버파크,강동구 천호동 467-11,"      35,000",23.26,9층
현진리버파크,강동구 천호동 467-11,"      21,900",14.9,9층
강변그대가갤럭시,강동구 천호동 570,"     100,000",84.99,11층
현진리버파크,강동구 천호동 467-11,"      21,200",14.9,7층
썬팰리스아파트,강동구 천호동 28-32,"      74,000",84.31,4층
강일리버파크7단지,강동구 강일동 686,"     101,000",84.53,13층
