상세영업상태명,지번주소,도로명주소,도로명우편번호,사업장명,좌표정보(X),좌표정보(Y),제공게임물명
직권말소,서울특별시 광진구 자양동 636-11번지 ,,,조비디오,206969.6253,447701.6798,
폐업,서울특별시 광진구 중곡동 150-83번지 ,서울특별시 광진구 용마산로 90  (중곡동),,모든비디오,207661.5236,451047.7415,
직권말소,서울특별시 광진구 화양동 23-42,서울특별시 광진구 광나루로12길 22 (화양동),,탈렌트비디오 (현장조사 2014-04-14 무단폐업),205886.3881,449392.2305,
직권말소,서울특별시 광진구 중곡동 102-11번지 ,서울특별시 광진구 영화사로3가길 25 (중곡동),,샘비디오,208205.4823,450575.652,
직권말소,서울특별시 광진구 중곡동 258-4번지 ,서울특별시 광진구 긴고랑로12길 60 (중곡동),,스타비디오,206956.2855,450892.9937,
폐업,서울특별시 광진구 구의동 257-41번지 ,서울특별시 광진구 아차산로51길 58  (구의동),,신우레코드,207446.5985,448590.6541,
직권말소,서울특별시 광진구 화양동 35-30번지 ,서울특별시 광진구 동일로24길 53-1 (화양동),,영화이야기,205949.8587,449002.0032,
직권말소,서울특별시 광진구 중곡동 98-1번지 ,서울특별시 광진구 영화사로 42 (중곡동),,뱅크비디오,207993.3288,450439.8293,
직권말소,서울특별시 광진구 군자동 64-9,서울특별시 광진구 군자로 138 (군자동),,희비디오 (2019. 4. 9. 현장조사 무단폐업),206527.4702,450189.6864,
폐업,서울특별시 광진구 구의동 70-20번지 ,서울특별시 광진구 자양로38길 9  (구의동),,용비디오,207760.8243,449450.4348,
직권말소,서울특별시 광진구 자양동 6-1번지 ,서울특별시 광진구 동일로20길 92 (자양동),,건대비디오,205980.41,448627.1701,
폐업,서울특별시 광진구 군자동 371-6번지 ,서울특별시 광진구 광나루로17길 20  (군자동),,화영비디오,206344.4463,449592.493,
직권말소,서울특별시 광진구 자양동 52-89번지 ,서울특별시 광진구 능동로3나길 25 (자양동),,영화나라,205679.358,448059.1542,
폐업,서울특별시 광진구 화양동 17-34번지 ,서울특별시 광진구 군자로 39  (화양동),,영비디오,206124.779,449388.4453,
직권말소,서울특별시 광진구 화양동 35-24번지 ,서울특별시 광진구 아차산로25길 48 (화양동),,은하비디오,205906.6575,449020.2748,
폐업,서울특별시 광진구 화양동 113-2번지 ,,,비디오랜드,,,
직권말소,서울특별시 광진구 화양동 44-77번지 ,서울특별시 광진구 동일로24길 24 (화양동),,터 비디오,205801.6486,449042.9208,
직권말소,서울특별시 광진구 화양동 12-1번지 ,서울특별시 광진구 군자로3길 1 (화양동),,성신비디오,206218.6115,449176.7408,
폐업,서울특별시 광진구 군자동 351-6번지 ,서울특별시 광진구 동일로34길 17  (군자동),,형제비디오,206077.5715,449746.8964,
폐업,서울특별시 광진구 중곡동 254-1번지 ,서울특별시 광진구 동일로68길 28  (중곡동),,장비디오,206761.3605,451124.7197,
폐업,서울특별시 광진구 군자동 102-2번지 ,서울특별시 광진구 군자로 107  (군자동),,선경비디오,206266.374,450049.7038,
폐업,서울특별시 광진구 중곡동 48-20번지 ,서울특별시 광진구 능동로44길 14  (중곡동),,허리우드비디오,207202.3279,450931.2924,
직권말소,서울특별시 광진구 중곡동 31-40,서울특별시 광진구 능동로48길 7 (중곡동),,윤성비디오 (현장조사 2014-05-02 무단폐업),207271.0789,451173.793,
직권말소,서울특별시 광진구 중곡동 189-11,서울특별시 광진구 동일로76길 48 (중곡동),,미리비디오 (현장조사 2014-05-07 무단폐업),207113.1065,451732.9019,
직권말소,서울특별시 광진구 능동 250-1번지 ,서울특별시 광진구 천호대로118길 39 (능동),,대일비디오,207415.9603,450074.7814,
직권말소,서울특별시 광진구 능동 260-3,서울특별시 광진구 능동로32길 31 (능동),,학비디오 (현장조사 2014-04-18 무단폐업),207029.2907,450288.7262,
직권말소,서울특별시 광진구 능동 136-7,,,민비디오 (현장조사 2014-04-18 무단폐업),,,
직권말소,서울특별시 광진구 군자동 476-9번지 ,서울특별시 광진구 능동로31길 16 (군자동),,선경비디오,206789.3361,450404.7065,
직권말소,서울특별시 광진구 구의동 229-1번지 ,,,으뜸과버금,207917.243,449147.668,
직권말소,서울특별시 광진구 구의동 254-8번지 ,서울특별시 광진구 자양로23길 78 (구의동),,둘리비디오,207346.7674,449051.2848,
직권말소,서울특별시 광진구 구의동 451-61번지 ,,,바름비디오,,,
폐업,서울특별시 광진구 구의동 223-20번지 ,서울특별시 광진구 구의로4길 13  (구의동),,하마비디오,207920.9297,448651.4985,
직권말소,서울특별시 광진구 구의동 249-8번지 ,서울특별시 광진구 자양로26길 33-1 (구의동),,숙비디오,207526.854,448822.4426,
직권말소,서울특별시 광진구 구의동 66-89번지 ,서울특별시 광진구 광나루로37길 28 (구의동),,영화사랑,207741.3517,449300.0984,
직권말소,서울특별시 광진구 광장동 259-1번지 ,서울특별시 광진구 광장로 61 (광장동),,아트통통,209115.2646,449469.7247,
폐업,서울특별시 광진구 자양동 615번지 ,서울특별시 광진구 자양로13다길 45  (자양동),,장미비디오,206777.0086,447887.403,
직권말소,서울특별시 광진구 자양동 685-37,서울특별시 광진구 뚝섬로62길 20 (자양동),,영화천국 (현장조사 2014-04-16 무단폐업),207694.9714,447795.0422,
직권말소,서울특별시 광진구 자양동 604번지 ,서울특별시 광진구 자양번영로6길 38 (자양동),,극동비디오,206786.7616,447739.4858,
직권말소,서울특별시 광진구 자양동 227-132번지 ,서울특별시 광진구 자양번영로11길 4 (자양동),,광신비디오,206699.8199,448313.2463,
직권말소,서울특별시 광진구 자양동 548-3번지 ,서울특별시 광진구 능동로7길 14 (자양동),,스타비디오,205963.7891,448319.6792,
폐업,서울특별시 광진구 중곡동 239-8번지 ,서울특별시 광진구 동일로70길 42  (중곡동),,송이네비디오,206912.2909,451308.4288,
폐업,서울특별시 광진구 자양동 512-2번지 ,서울특별시 광진구 뚝섬로33길 34  (자양동),,지성비디오,206130.0927,448260.0899,
직권말소,서울특별시 광진구 중곡동 297-1번지 ,서울특별시 광진구 용마산로30길 14 (중곡동),,에덴비디오,207596.1608,451799.5729,
직권말소,서울특별시 광진구 중곡동 616-8번지 ,서울특별시 광진구 동일로66길 34 (중곡동),,영상비디오,206715.8926,450996.6225,
직권말소,서울특별시 광진구 자양동 599-2번지 ,서울특별시 광진구 자양번영로4길 18 (자양동),,제일비디오,206675.3415,447677.2685,
직권말소,서울특별시 광진구 구의동 251-148번지 ,서울특별시 광진구 아차산로51길 99 (구의동),,유앤아이구의점,207470.3302,448793.5617,
직권말소,서울특별시 광진구 화양동 10-9,서울특별시 광진구 아차산로31길 37 (화양동),,영화한편 (현장조사 2014-04-14 무단폐업),206109.9003,448934.1244,
직권말소,서울특별시 광진구 중곡동 210-9번지 ,서울특별시 광진구 면목로 185 (중곡동),,곰비디오,207259.0228,451943.1368,
직권말소,서울특별시 광진구 중곡동 235-14,서울특별시 광진구 긴고랑로1길 41 (중곡동),,에덴비디오 (현장조사 2014-05-07 무단폐업),206831.8851,451510.719,
직권말소,서울특별시 광진구 중곡동 607-3번지 ,서울특별시 광진구 용마산로 191 (중곡동),,쇼비디오쟈키,207522.1735,452055.1613,
직권말소,서울특별시 광진구 자양동 652-15번지 ,서울특별시 광진구 뚝섬로 650 (자양동),,비디오와책,207155.6203,447677.5565,
직권말소,서울특별시 광진구 중곡동 33-34번지 ,서울특별시 광진구 능동로48길 29 (중곡동),,명작비디오,207374.4053,451131.689,
직권말소,서울특별시 광진구 중곡동 150-236번지 ,서울특별시 광진구 용마산로7길 60 (중곡동),,원비디오,207405.0732,450872.994,
직권말소,서울특별시 광진구 중곡동 193-1,서울특별시 광진구 능동로51길 37 (중곡동),,선경비디오 (현장조사 2014-05-07 무단폐업),207189.7263,451558.9058,
직권말소,서울특별시 광진구 광장동 288-17번지 ,서울특별시 광진구 광장로 64 (광장동),,현대비디오,209141.1263,449446.8792,
직권말소,서울특별시 광진구 중곡동 613-12번지 ,서울특별시 광진구 천호대로101길 21 (중곡동),,허리우드비디오,206550.0406,450879.6219,
폐업,서울특별시 광진구 자양동 36-457번지 ,,,판도라비디오,,,
직권말소,서울특별시 광진구 능동 232-19번지 ,서울특별시 광진구 능동로32길 48 (능동),,금다래비디오,207089.7587,450235.2964,
직권말소,서울특별시 광진구 화양동 200-3번지 ,,,다래비디오,,,
폐업,서울특별시 광진구 중곡동 77-30번지 ,서울특별시 광진구 긴고랑로 134  (중곡동),,양지비디오,207861.6722,450734.0021,
직권말소,서울특별시 광진구 구의동 222-64번지 ,서울특별시 광진구 광나루로40길 73 (구의동),,영화혁명,207790.8795,448807.4355,
직권말소,서울특별시 광진구 군자동 159-10번지 ,서울특별시 광진구 동일로56길 31 (군자동),,영화천국,206451.9552,450396.2583,
직권말소,서울특별시 광진구 자양동 553-360번지 ,서울특별시 광진구 뚝섬로32길 4 (자양동),,준비디오,205875.072,448127.0443,
직권말소,서울특별시 광진구 군자동 41-1,,,지구비디오 (현장조사 2014-04-21 무단폐업),206557.7644,450465.6803,
직권말소,서울특별시 광진구 중곡동 625-4번지 ,서울특별시 광진구 면목로7길 46 (중곡동),,신성비디오,206581.9557,450899.6015,
직권말소,서울특별시 광진구 중곡동 197-10번지 ,서울특별시 광진구 용마산로31길 38 (중곡동),,으뜸과버금,207337.8537,451851.4187,
직권말소,서울특별시 광진구 구의동 252-15번지 ,서울특별시 광진구 자양로 124 (구의동),,소르음악사,207316.118,448503.5046,
직권말소,서울특별시 광진구 자양동 12-6번지 ,서울특별시 광진구 동일로18길 20 (자양동),,뉴비디오,205581.7475,448607.4595,
폐업,서울특별시 광진구 군자동 346번지 ,서울특별시 광진구 군자로11길 9  (군자동),,송정비디오,206162.7431,449832.6606,
폐업,서울특별시 광진구 중곡동 58-6번지 ,서울특별시 광진구 용마산로8길 11  (중곡동),,명상비디오,207727.9607,450837.0867,
직권말소,서울특별시 광진구 구의동 27-9,서울특별시 광진구 영화사로 72 (구의동),,뉴비디오 (현장조사 2014-04-23 무단폐업),208228.6057,450245.0879,
폐업,서울특별시 광진구 중곡동 91-55번지 ,서울특별시 광진구 용마산로2길 19  (중곡동),,모닝비디오,207846.1504,450323.1073,
직권말소,서울특별시 광진구 구의동 615-13번지 ,서울특별시 광진구 자양로37길 14 (구의동),,탑비디오,207660.5085,449539.4839,
직권말소,서울특별시 광진구 군자동 326-4번지 유성빌딩 1층동 ,,,이오상사,,,
폐업,서울특별시 광진구 구의동 207-29번지 ,서울특별시 광진구 아차산로65길 43  (구의동),,비디오비젼,208132.4136,448849.2274,
직권말소,서울특별시 광진구 중곡동 175-77번지 ,서울특별시 광진구 동일로78길 47 (중곡동),,명화비디오,207178.5776,451836.9049,
폐업,서울특별시 광진구 구의동 548번지 상가 101호,,,2단지현대비디오,,,
직권말소,서울특별시 광진구 구의동 207-9,서울특별시 광진구 광나루로46길 47 (구의동),,출발비디오여행 (현장조사 2014-04-17 무단폐업),208096.9583,448821.9732,
직권말소,서울특별시 광진구 자양동 222-11,서울특별시 광진구 아차산로 330 (자양동),,푸른영상 (현장조사 2014-04-16 무단폐업),206950.1833,448335.0315,
직권말소,서울특별시 광진구 중곡동 127-20,서울특별시 광진구 천호대로123길 81 (중곡동),,초롱비디오 (현장조사 2014-05-02 무단폐업),207550.0395,450725.2596,
직권말소,서울특별시 광진구 구의동 229-21번지 ,서울특별시 광진구 자양로32길 79 (구의동),,하마비디오,207850.1409,449098.5767,
폐업,서울특별시 광진구 중곡동 47-12번지 ,서울특별시 광진구 긴고랑로16길 58  (중곡동),,비디오세상,207129.5913,450811.282,
직권말소,서울특별시 광진구 화양동 18-5번지 ,,,삼성화양대리점,206113.4345,449502.4086,
직권말소,서울특별시 광진구 자양동 5-32번지 ,서울특별시 광진구 아차산로34길 32 (자양동),,공주비디오,206026.2077,448497.1569,
폐업,서울특별시 광진구 중곡동 74-63번지 ,서울특별시 광진구 긴고랑로 174  (중곡동),,정우비디오,208259.7371,450764.2341,
직권말소,서울특별시 광진구 구의동 251-49번지 ,서울특별시 광진구 자양로22길 15 (구의동),,홈비디오,207376.8632,448604.4996,
직권말소,서울특별시 광진구 자양동 665-15번지 ,서울특별시 광진구 뚝섬로56길 41 (자양동),,원비디오,207250.41,447494.2992,
직권말소,서울특별시 광진구 자양동 228-61번지 ,,,수정비디오,,,
폐업,서울특별시 광진구 중곡동 93-23번지 ,서울특별시 광진구 자양로43길 87  (중곡동),,아트비디오,207823.7522,450239.1347,
폐업,서울특별시 광진구 군자동 10-0번지 ,서울특별시 광진구 면목로5길 24  (군자동),,하늘비디오,206523.548,450492.1739,
직권말소,서울특별시 광진구 중곡동 190-28,서울특별시 광진구 동일로72길 9 (중곡동),,뉴스타비디오 (현장조사 2014-05-07 무단폐업),206840.5029,451543.1742,
직권말소,서울특별시 광진구 중곡동 243-22번지 ,서울특별시 광진구 긴고랑로12길 28 (중곡동),,선경비디오,207020.6216,451035.7487,
직권말소,서울특별시 광진구 구의동 221-34번지 ,서울특별시 광진구 아차산로57길 10-1 (구의동),,경비디오,207743.311,448532.9286,
직권말소,서울특별시 광진구 중곡동 115-17,서울특별시 광진구 자양로43길 51 (중곡동),,돌풍비디오 (현장조사 2014-05-08 무단폐업),207890.3955,450063.8567,
폐업,서울특별시 광진구 군자동 117-13번지 ,서울특별시 광진구 동일로52길 21  (군자동),,명화비디오,206323.9663,450255.5289,
직권말소,서울특별시 광진구 구의동 200-13,서울특별시 광진구 아차산로65길 8 (구의동),,영비디오(2014.4.21. 무단폐업),208262.9759,448735.217,
직권말소,서울특별시 광진구 군자동 50-35,,,캠프비디오 (현장조사 2014-04-21 무단폐업),,,
직권말소,서울특별시 광진구 자양동 251-113번지 ,서울특별시 광진구 동일로12길 19 (자양동),,열매비디오,,,
폐업,서울특별시 광진구 중곡동 254-1번지 ,서울특별시 광진구 동일로68길 28  (중곡동),,정비디오,206761.3605,451124.7197,
직권말소,서울특별시 광진구 자양동 553-482번지 ,서울특별시 광진구 능동로5길 13 (자양동),,탑비디오,205859.9917,448261.4481,
직권말소,서울특별시 광진구 자양동 589-0,서울특별시 광진구 자양번영로1길 23 (자양동),,비디오라인 (현장조사 2014-04-15 무단폐업),206434.2138,447609.641,
직권말소,서울특별시 광진구 자양동 194-3번지 ,서울특별시 광진구 동일로2길 38 (자양동),,현주비디오,205438.4152,448044.2299,
직권말소,서울특별시 광진구 중곡동 163-24번지 ,서울특별시 광진구 능동로43길 6 (중곡동),,용비디오,207106.5263,450998.0381,
폐업,서울특별시 광진구 자양동 87-1번지 우성 104호,,,우성비디오,205739.3638,447816.0924,
폐업,서울특별시 광진구 구의동 32-1번지 ,서울특별시 광진구 자양로50가길 22  (구의동),,꿈비디오,208229.7754,450070.4777,
직권말소,서울특별시 광진구 중곡동 18-100,서울특별시 광진구 용마산로22길 13 (중곡동),,풀빛소리방1 (현장조사 2014-05-08 무단폐업),207691.9194,451276.5581,
폐업,서울특별시 광진구 광장동 330-3번지 ,서울특별시 광진구 광장로 82  (광장동),,세일비디오,209322.7029,449508.3599,
폐업,서울특별시 광진구 자양동 52-162번지 ,서울특별시 광진구 동일로4길 44  (자양동),,서진비디오,205522.0722,448178.1049,
직권말소,서울특별시 광진구 중곡동 175-85번지 ,서울특별시 광진구 면목로13길 11 (중곡동),,방 비디오,207208.1675,451868.9728,
폐업,서울특별시 광진구 광장동 185-4번지 현대상가 102 ,,,미가 비디오,,,
직권말소,서울특별시 광진구 광장동 484-0 현대3단지상가 102호,,,월드비디오 (현장조사 2014-04-30 무단폐업),208644.8192,448711.7258,
폐업,서울특별시 광진구 중곡동 50-1번지 ,서울특별시 광진구 능동로44길 36  (중곡동),,영진비디오,207305.4263,450885.4852,
직권말소,서울특별시 광진구 중곡동 120-11번지 ,서울특별시 광진구 용마산로3길 25 (중곡동),,비디오 여행,207579.4239,450421.0166,
직권말소,서울특별시 광진구 자양동 553-11번지 ,서울특별시 광진구 뚝섬로23길 50 (자양동),,명성 비디오,205780.5419,448334.3382,
폐업,서울특별시 광진구 구의동 33-59번지 ,서울특별시 광진구 자양로50길 18  (구의동),,세현영상월드,208175.4582,449968.0799,
폐업,서울특별시 광진구 능동 225-14번지 ,서울특별시 광진구 능동로30길 5  (능동),,현스크린,206865.1265,450224.3753,
폐업,서울특별시 광진구 중곡동 139-1번지 ,서울특별시 광진구 천호대로111길 24  (중곡동),,준 비디오,207229.7858,450562.8812,
직권말소,서울특별시 광진구 화양동 2-1번지 ,서울특별시 광진구 능동로15길 11 (화양동),,비디오 뱅크,206310.7962,449199.6475,
폐업,서울특별시 광진구 구의동 120번지 ,서울특별시 광진구 광나루로43길 39  (구의동),,까치 비디오,207987.5332,449343.7499,
직권말소,서울특별시 광진구 군자동 360-10,,,화양리 인켈 (현장조사 2014-04-21 무단폐업),,,
직권말소,서울특별시 광진구 구의동 610번지 현대아파트 6단지상가 610호,,,세광 비디오,208296.8338,448475.8188,
직권말소,서울특별시 광진구 자양동 659-32번지 ,서울특별시 광진구 뚝섬로 673 (자양동),,삼미비디오,207365.9744,447759.6679,
직권말소,서울특별시 광진구 중곡동 246-59,서울특별시 광진구 동일로68길 41 (중곡동),,폭스비디오 (현장조사 2014-05-07 무단폐업),206838.019,451115.9166,
직권말소,서울특별시 광진구 자양동 596-7번지 ,서울특별시 광진구 뚝섬로52길 26 (자양동),,윤 비디오,206899.9426,447623.2832,
직권말소,서울특별시 광진구 중곡동 634-4번지 ,서울특별시 광진구 동일로62길 13 (중곡동),,훼미리마켓,206558.3155,450847.2369,
직권말소,서울특별시 광진구 중곡동 78-32번지 ,서울특별시 광진구 긴고랑로36길 10 (중곡동),,영빈 비디오,207803.0587,450685.0566,
폐업,서울특별시 광진구 광장동 565-0번지 현대상가 1층동 119호,,,씨네하우스,208738.952,448858.2235,
직권말소,서울특별시 광진구 중곡동 30-41번지 ,서울특별시 광진구 능동로50길 37 (중곡동),,토탈영상,207470.0314,451264.5751,
직권말소,서울특별시 광진구 자양동 679-1번지 ,서울특별시 광진구 뚝섬로 672 (자양동),,학습비디오,207374.4049,447725.6361,
직권말소,서울특별시 광진구 중곡동 234-18,서울특별시 광진구 동일로70길 15 (중곡동),,25시영상비디오 (현장조사 2014-05-07 무단폐업),206808.9758,451377.5475,
직권말소,서울특별시 광진구 구의동 48-7번지 ,서울특별시 광진구 자양로 294-1 (구의동),,유앤아이,208099.7407,449956.6109,
직권말소,서울특별시 광진구 군자동 249 리스빌딩1층,"서울특별시 광진구 능동로 237 (군자동,리스빌딩1층)",,왕자와 공주 (현장조사 2014-04-21 무단폐업),206643.8406,449904.4999,
폐업,서울특별시 광진구 구의동 224-68번지 ,서울특별시 광진구 구의로 48  (구의동),,영화수첩,207902.2797,448879.107,
폐업,서울특별시 광진구 중곡동 150-60번지 ,서울특별시 광진구 용마산로 102  (중곡동),,푸른영상,207642.6184,451170.3917,
폐업,서울특별시 광진구 군자동 349-1번지 ,서울특별시 광진구 동일로 222  (군자동),,씨네클럽(군자점),206074.8882,449910.1518,
직권말소,서울특별시 광진구 중곡동 192-20번지 ,서울특별시 광진구 면목로 137 (중곡동),,영상마을(중곡점),207075.7248,451489.3895,
폐업,서울특별시 광진구 자양동 57-27번지 ,서울특별시 광진구 뚝섬로24길 34  (자양동),,명작 비디오,205502.3292,448088.6178,
직권말소,서울특별시 광진구 군자동 102-32번지 ,서울특별시 광진구 군자로 104-1 (군자동),,으뜸게임기,206266.1197,450011.2651,
폐업,서울특별시 광진구 구의동 593-20번지 ,서울특별시 광진구 구의강변로 45  (구의동),,게임뱅크,208022.3143,448045.8628,
직권말소,서울특별시 광진구 중곡동 35-65번지 ,서울특별시 광진구 긴고랑로29길 75 (중곡동),,게임타운,207538.7397,451228.3187,
폐업,서울특별시 광진구 중곡동 150-107번지 ,서울특별시 광진구 용마산로 95  (중곡동),,게임시티,207614.9594,451099.0033,
직권말소,서울특별시 광진구 구의동 54-5번지 ,서울특별시 광진구 자양로 275 (구의동),,게임마트,207975.5581,449815.8503,
직권말소,서울특별시 광진구 자양동 553-531번지 ,서울특별시 광진구 뚝섬로 548 (자양동),,게임마트,206190.2562,448027.8669,
직권말소,서울특별시 광진구 군자동 363-14,서울특별시 광진구 군자로 76 (군자동),,한국신용유통(주)화양가전마트 (현장조사 2014-04-21 무단폐업),206214.1035,449739.23,
직권말소,서울특별시 광진구 광장동 127 리버힐 707호,"서울특별시 광진구 아차산로78길 110, 707호 (광장동,리버힐)",,하얀하늘 (현장조사 2014-04-30 무단폐업),209668.9012,449767.9647,
직권말소,서울특별시 광진구 중곡동 82-22 2층,"서울특별시 광진구 영화사로 20 (중곡동,2층)",,씨네클럽(중곡점) (현장조사 2014-05-08 무단폐업),207836.8928,450576.085,
직권말소,서울특별시 광진구 자양동 58-3번지 ,서울특별시 광진구 능동로3라길 13 (자양동),,씨네클럽(노유점),205661.656,448040.3095,
직권말소,서울특별시 광진구 구의동 610번지 현대6단지상가 103호,,,세광비디오,208296.8338,448475.8188,
직권말소,서울특별시 광진구 자양동 553-358번지 ,서울특별시 광진구 능동로7길 30 (자양동),,이벤트 비디오,205895.0402,448346.8965,
직권말소,서울특별시 광진구 중곡동 157,,,(주)원강 유통군자 (현장조사 2014-05-02 무단폐업),,,
직권말소,서울특별시 광진구 자양동 654-16,서울특별시 광진구 뚝섬로55길 19 (자양동),,푸른영상 (현장조사 2014-04-16 무단폐업),207200.3386,447792.1975,
영업중,서울특별시 광진구 자양동 44-2번지 ,,,노룬산수퍼,205663.0811,448250.3634,
폐업,서울특별시 광진구 중곡동 79-11번지 ,서울특별시 광진구 영화사로 14  (중곡동),,장안유통,207776.043,450621.4255,
직권말소,서울특별시 광진구 중곡동 89-8번지 ,서울특별시 광진구 영화사로 34 (중곡동),,비손마트,207927.3993,450483.4682,
직권말소,서울특별시 광진구 중곡동 116-9번지 ,서울특별시 광진구 천호대로 625 (중곡동),,윤선생영어교실,207643.3866,450253.1578,
직권말소,서울특별시 광진구 자양동 627-2번지 ,서울특별시 광진구 자양로 87 (자양동),,윤선생영어,207320.1734,448158.3168,
직권말소,서울특별시 광진구 중곡동 173-23,서울특별시 광진구 면목로 151 (중곡동),,영화마을중곡3동점 (현장조사 2014-05-07 무단폐업),207139.3164,451617.9578,
직권말소,서울특별시 광진구 중곡동 341-8번지 ,서울특별시 광진구 천호대로 569 (중곡동),,러브러브,207132.2413,450502.9161,
직권말소,서울특별시 광진구 자양동 76-2번지 한강현대(아)상가 106호,,,한강비디오,,,
폐업,서울특별시 광진구 중곡동 648-18번지 ,서울특별시 광진구 능동로39길 3  (중곡동),,이큐미디어,206980.9708,450680.6717,
직권말소,서울특별시 광진구 군자동 91-23번지 ,서울특별시 광진구 천호대로102길 58 (군자동),,군자비디오,206375.0268,450492.0023,
직권말소,서울특별시 광진구 중곡동 97-5번지 ,서울특별시 광진구 자양로53길 47 (중곡동),,영동상사,208026.1932,450324.3832,
직권말소,서울특별시 광진구 광장동 258-3번지 ,서울특별시 광진구 광장로 54 (광장동),,게임뱅크,209050.4516,449418.1737,
직권말소,서울특별시 광진구 중곡동 161-24번지 ,서울특별시 광진구 능동로 332 (중곡동),,황소의눈(광진점),207072.8003,450764.9397,
직권말소,서울특별시 광진구 화양동 12-1,서울특별시 광진구 군자로3길 1 (화양동),,그린학습비디오 (현장조사 2014-04-14 무단폐업),206218.6115,449176.7408,
영업중,서울특별시 광진구 구의동 66-28번지 ,,,(주)구의유통,,,
폐업,서울특별시 광진구 자양동 616번지 ,서울특별시 광진구 자양로13다길 21  (자양동),,DOCU 0.7,206889.2705,447846.736,
직권말소,서울특별시 광진구 화양동 132-75번지 ,서울특별시 광진구 군자로 46 (화양동),,캐릭터CD프라자,206164.1741,449443.6163,
폐업,서울특별시 광진구 중곡동 341-5번지 ,서울특별시 광진구 천호대로111길 9  (중곡동),,열린소프트게임,207174.4089,450519.5181,
폐업,서울특별시 광진구 구의동 248-11번지 ,서울특별시 광진구 자양로26길 32  (구의동),,사임당문고,207500.3464,448794.6555,
직권말소,서울특별시 광진구 중곡동 107-29번지 ,서울특별시 광진구 영화사로7길 18 (중곡동),,몽비디오,208063.2935,450479.3907,
폐업,서울특별시 광진구 능동 251-24번지 ,서울특별시 광진구 능동로32길 140  (능동),,능동비디오,207506.3333,450033.8056,
폐업,서울특별시 광진구 자양동 205-10번지 ,,,초원비디오,,,
직권말소,서울특별시 광진구 구의동 210-52,서울특별시 광진구 아차산로61길 13 (구의동),,둘리비디오 (현장조사 2014-04-17 무단폐업),208005.0596,448574.3562,
직권말소,서울특별시 광진구 구의동 631-1번지 현대프라임아파트중앙상가 102호,,,프라임비디오,208558.2866,448353.9052,
직권말소,서울특별시 광진구 자양동 621-24번지 ,서울특별시 광진구 자양로15길 51-1 (자양동),,영화마을,207065.3176,448097.2984,
직권말소,서울특별시 광진구 자양동 229-6,서울특별시 광진구 아차산로42길 44 (자양동),,알파비디오 (현장조사 2014-04-16 무단폐업),206882.9998,448149.359,
직권말소,서울특별시 광진구 자양동 580-2번지 ,서울특별시 광진구 자양번영로 47-13 (자양동),,우성비디오,206585.3091,447961.7172,
폐업,서울특별시 광진구 자양동 6-39번지 ,서울특별시 광진구 동일로20길 78  (자양동),,엘지25 노유점,205915.5774,448655.5147,
폐업,서울특별시 광진구 구의동 199-22번지 ,서울특별시 광진구 광나루로54길 38  (구의동),,현대비디오,208334.6036,448558.9359,
직권말소,서울특별시 광진구 능동 156-2번지 ,서울특별시 광진구 능동로24길 76 (능동),,영화만들기,207058.7964,450104.3888,
직권말소,서울특별시 광진구 능동 225-1번지 ,서울특별시 광진구 능동로32길 6 (능동),,으뜸과버금,206903.4809,450328.7113,
직권말소,서울특별시 광진구 자양동 652-55번지 ,서울특별시 광진구 뚝섬로54길 9 (자양동),,영비디오,207078.8328,447653.8378,
폐업,서울특별시 광진구 중곡동 220-78번지 ,서울특별시 광진구 능동로49길 16  (중곡동),,게임나라,207217.846,451375.3975,
직권말소,서울특별시 광진구 군자동 66-8번지 ,서울특별시 광진구 군자로 144 (군자동),,영화마을,206595.5486,450228.8023,
직권말소,서울특별시 광진구 구의동 564-4 테크노마트 B2호,,,(유)미라클상사 (현장조사 2014-05-09 무단폐업),,,
직권말소,서울특별시 광진구 구의동 564-4번지 테크노마트7층 D동 022호,,,하나소프트,,,
직권말소,서울특별시 광진구 구의동 546-4번지 테크노판매 7층동 C111호,"서울특별시 광진구 광나루로56길 85, 7층동 C111호 (구의동,테크노판매)",,게임랜드,208394.4164,448165.28,
직권말소,서울특별시 광진구 구의동 546-4번지 테크노마트 7층동 C004호,"서울특별시 광진구 광나루로56길 85, 7층동 C004호 (구의동,테크노마트)",,CD매니아,208394.4164,448165.28,
직권말소,서울특별시 광진구 구의동 546-4번지 테크노마트 8층D 008 ,"서울특별시 광진구 광나루로56길 85 (구의동,테크노마트 8층D 008)",,엘앤앤소프트,208394.4164,448165.28,
직권말소,서울특별시 광진구 구의동 546-4번지 테크노마트7층B018 ,"서울특별시 광진구 광나루로56길 85 (구의동,테크노마트7층B018)",,거성,208394.4164,448165.28,
직권말소,서울특별시 광진구 구의동 546-4번지 테크노마트 7층 A-014 ,"서울특별시 광진구 광나루로56길 85 (구의동,테크노마트 7층 A-014)",,게임누리,208394.4164,448165.28,
직권말소,서울특별시 광진구 구의동 546-4 테크노마트 7층동 C065호,"서울특별시 광진구 광나루로56길 85, 7층동 C065호 (구의동,테크노마트)",,이화 (현장조사 2014-05-09 무단폐업)영업중표시,208394.4164,448165.28,
직권말소,서울특별시 광진구 중곡동 142-29번지 ,서울특별시 광진구 천호대로109길 20 (중곡동),,태성비디오프라자,207115.5037,450601.5439,
직권말소,서울특별시 광진구 구의동 546-4번지 테크노마트7층 B동 077호,"서울특별시 광진구 광나루로56길 85, B동 077호 (구의동,테크노마트7층)",,씨티플러스,208394.4164,448165.28,
직권말소,서울특별시 광진구 구의동 546-4번지 테크노마트8층 C동 092호,"서울특별시 광진구 광나루로56길 85, C동 092호 (구의동,테크노마트8층)",,유리알,208394.4164,448165.28,
폐업,서울특별시 광진구 구의동 546-4번지 테크노마트8층 D동 022호,"서울특별시 광진구 광나루로56길 85, D동 022호 (구의동,테크노마트8층)",,CD게임아울렛,208394.4164,448165.28,
직권말소,서울특별시 광진구 화양동 16-54번지 ,서울특별시 광진구 군자로7길 25 (화양동),,민비디오,206044.7229,449271.2399,
직권말소,서울특별시 광진구 자양동 3-1번지 ,서울특별시 광진구 능동로 75 (자양동),,지연비디오,206058.6047,448402.6334,
직권말소,서울특별시 광진구 구의동 546-4 테크노마트 8F동 C084호,"서울특별시 광진구 광나루로56길 85, 8F동 C084호 (구의동,테크노마트)",,명동상사 (현장조사 2014-05-09 무단폐업),208394.4164,448165.28,
직권말소,서울특별시 광진구 화양동 112-16,서울특별시 광진구 능동로19길 17 (화양동),,사라와의정 (현장조사 2014-04-14 무단폐업),206361.8141,449418.5382,
직권말소,서울특별시 광진구 구의동 546-4번지 테크노마트21 7층동 B25호,"서울특별시 광진구 광나루로56길 85, 7층동 B25호 (구의동,테크노마트21)",,B.C.I,208394.4164,448165.28,
폐업,서울특별시 광진구 구의동 546-4번지 테크노마트 7동 D031호,"서울특별시 광진구 광나루로56길 85, 7동 D031호 (구의동,테크노마트)",,C.D송송,208394.4164,448165.28,
직권말소,서울특별시 광진구 구의동 546-4 테크노마트 7층동 A043호,"서울특별시 광진구 광나루로56길 85, 7층동 A043호 (구의동,테크노마트)",,CD가 있는마을 (현장조사 2014-05-09 무단폐업),208394.4164,448165.28,
직권말소,서울특별시 광진구 구의동 546-4 테크노마트판매동 7층동 B22호,"서울특별시 광진구 광나루로56길 85, 7층동 B22호 (구의동,테크노마트판매동)",,테크노게임 (현장조사 2014-05-09 무단폐업),208394.4164,448165.28,
직권말소,서울특별시 광진구 구의동 547-8번지 테크노마트 7F동 D23호,"서울특별시 광진구 강변역로4길 68, 7F동 D23호 (구의동,테크노마트)",,VS3001,208124.5492,447812.9248,
직권말소,서울특별시 광진구 중곡동 70-21,서울특별시 광진구 긴고랑로 163 (중곡동),,영화열기 (현장조사 2014-05-08 무단폐업),208155.3877,450751.1079,
직권말소,서울특별시 광진구 구의동 546-4번지 테크노마트7층 A016동 A017호,"서울특별시 광진구 광나루로56길 85, A016동 A017호 (구의동,테크노마트7층)",,씨디맥스,208394.4164,448165.28,
직권말소,서울특별시 광진구 자양동 222-7번지 우성7차상가 내 2050 ,"서울특별시 광진구 아차산로 336 (자양동,우성7차상가 내 2050)",,나이스,206998.2128,448329.9685,
직권말소,서울특별시 광진구 구의동 546-4 테크노마트 7층동 D032호,"서울특별시 광진구 광나루로56길 85, 7층동 D032호 (구의동,테크노마트)",,스페이스 (현장조사 2014-05-09 무단폐업),208394.4164,448165.28,
직권말소,서울특별시 광진구 구의동 546-4번지 테크노마트 7층동 D034호,"서울특별시 광진구 광나루로56길 85, 7층동 D034호 (구의동,테크노마트)",,탑월드,208394.4164,448165.28,
직권말소,서울특별시 광진구 구의동 546-4번지 테크노마트8층 B동 044호,"서울특별시 광진구 광나루로56길 85, B동 044호 (구의동,테크노마트8층)",,미르소프트,208394.4164,448165.28,
폐업,서울특별시 광진구 중곡동 49-31번지 ,서울특별시 광진구 능동로42길 25  (중곡동),,대한비디오,207202.5758,450779.2646,
폐업,서울특별시 광진구 군자동 478-5번지 ,서울특별시 광진구 천호대로 548  (군자동),,탑미디어,206896.6972,450515.5757,
폐업,서울특별시 광진구 중곡동 192-63번지 ,서울특별시 광진구 긴고랑로7길 64  (중곡동),,탁비디오,207057.122,451535.3719,
직권말소,서울특별시 광진구 구의동 546-4번지 테크노마트8층A004 ,"서울특별시 광진구 광나루로56길 85 (구의동,테크노마트8층A004)",,하이콤게임프라자테크노마트점,208394.4164,448165.28,
직권말소,서울특별시 광진구 자양동 605-5번지 ,서울특별시 광진구 자양번영로6길 68 (자양동),,시네마천국,206926.3819,447689.3181,
직권말소,서울특별시 광진구 화양동 35-1번지 ,서울특별시 광진구 동일로26길 58 (화양동),,네오(NEO),206019.4647,449141.1705,
폐업,서울특별시 광진구 구의동 546-4번지 테크노마트8층 B동 030호,"서울특별시 광진구 광나루로56길 85, B동 030호 (구의동,테크노마트8층)",,테크노플가,208394.4164,448165.28,
폐업,서울특별시 광진구 구의동 546-4번지 테크노마트7층 B015동 ,"서울특별시 광진구 광나루로56길 85, B015동 (구의동,테크노마트7층)",,매니아월드,208394.4164,448165.28,
폐업,서울특별시 광진구 구의동 546-4번지 테크노마트8층 D016호,"서울특별시 광진구 광나루로56길 85,  D016호 (구의동,테크노마트8층)",,CD채널,208394.4164,448165.28,
직권말소,서울특별시 광진구 구의동 546-4 테크노마트7층 A30호,"서울특별시 광진구 광나루로56길 85, A30호 (구의동,테크노마트7층)",,영어나라 (현장조사 2014-05-09 무단폐업),208394.4164,448165.28,
직권말소,서울특별시 광진구 구의동 546-4 테크노마트7층 B029동,"서울특별시 광진구 광나루로56길 85, B029동 (구의동,테크노마트7층)",,그레이스미디어 (현장조사 2014-05-09 무단폐업)영업중표시,208394.4164,448165.28,
직권말소,서울특별시 광진구 구의동 546-4번지 테크노마트7층 D36동 37호,"서울특별시 광진구 광나루로56길 85, D36동 37호 (구의동,테크노마트7층)",,컴스빌,208394.4164,448165.28,
폐업,서울특별시 광진구 화양동 11-10번지 ,서울특별시 광진구 동일로24길 101  (화양동),,녹색비디오,206166.5193,448909.5441,
영업중,서울특별시 광진구 구의동 546-4번지 테크노마트8층 D동 053호,"서울특별시 광진구 광나루로56길 85, D동 053호 (구의동,테크노마트8층)",,비디오나라,208394.4164,448165.28,
직권말소,서울특별시 광진구 중곡동 191-24번지 ,서울특별시 광진구 면목로11길 29 (중곡동),,뭉치비디오,207004.6597,451643.247,
직권말소,서울특별시 광진구 자양동 227-97,서울특별시 광진구 자양번영로11길 18 (자양동),,재미난세상 (현장조사 2014-04-16 무단폐업),206617.765,448338.6406,
직권말소,서울특별시 광진구 구의동 546-4번지 테크노마트8층 C동 40호,"서울특별시 광진구 광나루로56길 85, C동 40호 (구의동,테크노마트8층)",,컴사랑,208394.4164,448165.28,
폐업,서울특별시 광진구 자양동 225-45번지 ,서울특별시 광진구 아차산로39길 12-4  (자양동),,신성비디오,206732.2854,448511.2174,
폐업,서울특별시 광진구 구의동 546-4번지 테크노마트8층 c동 117호,"서울특별시 광진구 광나루로56길 85, c동 117호 (구의동,테크노마트8층)",,동서게임유통,208394.4164,448165.28,
직권말소,서울특별시 광진구 구의동 221-60번지 ,서울특별시 광진구 아차산로57길 38 (구의동),,피터팬,207763.3797,448660.525,
직권말소,서울특별시 광진구 구의동 546-4 테크노마트 7층동 C110호,"서울특별시 광진구 광나루로56길 85, 7층동 C110호 (구의동,테크노마트)",,G&I (현장조사 2014-05-09 무단폐업),208394.4164,448165.28,
직권말소,서울특별시 광진구 구의동 643-1번지 ,서울특별시 광진구 광나루로30나길 14 (구의동),,슈퍼맨대여점,207210.0003,449032.4984,
직권말소,서울특별시 광진구 구의동 237-34,서울특별시 광진구 자양로28길 21 (구의동),,슈퍼맨 (현장조사 2014-04-18 무단폐업),207489.5633,448890.6874,
직권말소,서울특별시 광진구 구의동 631-1번지 프라임프라자 5층호,,,프라임비디오감상실,208558.2866,448353.9052,
직권말소,서울특별시 광진구 구의동 250-3번지 ,서울특별시 광진구 광나루로36길 72 (구의동),,무비뱅크비디오편의점,207485.7544,448842.2419,
직권말소,서울특별시 광진구 구의동 546-4번지 테크노마트8층 B동 009호,"서울특별시 광진구 광나루로56길 85, B동 009호 (구의동,테크노마트8층)",,게임박스,208394.4164,448165.28,
폐업,서울특별시 광진구 중곡동 112-1번지 ,서울특별시 광진구 천호대로127길 42-2  (중곡동),,자양사,207959.1386,450220.5054,
직권말소,서울특별시 광진구 구의동 546-4번지 테크노마트 7층동 D20호,"서울특별시 광진구 광나루로56길 85, 7층동 D20호 (구의동,테크노마트)",,유리소프트,208394.4164,448165.28,
폐업,서울특별시 광진구 자양동 771-31번지 ,서울특별시 광진구 자양로19길 54  (자양동),,영화비디오,207046.8859,448444.7064,
폐업,서울특별시 광진구 화양동 21-23번지 ,서울특별시 광진구 광나루로14길 8  (화양동),,쉼터비디오방,206002.3044,449507.5874,
폐업,서울특별시 광진구 구의동 546-4번지 테크노마트 7층동 B68호,"서울특별시 광진구 광나루로56길 85, 7층동 B68호 (구의동,테크노마트)",,CD플러스,208394.4164,448165.28,
직권말소,서울특별시 광진구 자양동 651-33번지 ,서울특별시 광진구 뚝섬로52가길 54 (자양동),,드림매드Q,207203.4484,447604.4969,
직권말소,서울특별시 광진구 구의동 546-4 테크노마트 8층동 C013호,"서울특별시 광진구 광나루로56길 85, 8층동 C013호 (구의동,테크노마트)",,DJ게임총판 (현장조사 2014-05-09 무단폐업),208394.4164,448165.28,
직권말소,서울특별시 광진구 구의동 242-8,서울특별시 광진구 자양로22길 58 (구의동),,영비디오 (현장조사 2014-04-18 무단폐업),207578.8315,448602.9244,
폐업,서울특별시 광진구 자양동 680-68번지 ,서울특별시 광진구 자양로 86  (자양동),,메디아소프트(주),207391.3302,448120.7859,
직권말소,서울특별시 광진구 중곡동 47-20번지 ,서울특별시 광진구 능동로 342 (중곡동),,솔로몬,207109.135,450862.542,
폐업,서울특별시 광진구 자양동 48-55번지 ,서울특별시 광진구 뚝섬로26길 61  (자양동),,제일비디오,205820.4676,447991.2768,
직권말소,서울특별시 광진구 화양동 5-72,서울특별시 광진구 아차산로33길 14 (화양동),,투쓰리비디오감상실 (현장조사 2014-04-14 무단폐업),206138.0318,448743.5083,
직권말소,서울특별시 광진구 화양동 10-1번지 한아름쇼핑 3층동 ,"서울특별시 광진구 능동로13길 39, 3층동 (화양동,한아름쇼핑)",,한아름골프스쿨,206107.7752,449029.3422,
직권말소,서울특별시 광진구 자양동 684-0번지 1층동 ,"서울특별시 광진구 자양로6길 40, 1층동 (자양동)",,영화마을자양2동점,207710.2635,447830.8887,
직권말소,서울특별시 광진구 중곡동 150-83,서울특별시 광진구 용마산로 90 (중곡동),,대원솔로몬 (현장조사 2014-05-08 무단폐업),207661.5236,451047.7415,
직권말소,서울특별시 광진구 구의동 546-4번지 테크노마트 8층 B-106 ,"서울특별시 광진구 광나루로56길 85 (구의동,테크노마트 8층 B-106)",,TOW BY TWO,208394.4164,448165.28,
직권말소,서울특별시 광진구 구의동 546-4번지 테크노마트 8층동 C001호,"서울특별시 광진구 광나루로56길 85, 8층동 C001호 (구의동,테크노마트)",,나우로딩,208394.4164,448165.28,
직권말소,서울특별시 광진구 구의동 546-4번지 테크노마트7층 D동 20호,"서울특별시 광진구 광나루로56길 85, D동 20호 (구의동,테크노마트7층)",,게임스타트,208394.4164,448165.28,
직권말소,서울특별시 광진구 구의동 546-4 테크노마트8층 C002동,"서울특별시 광진구 광나루로56길 85, C002동 (구의동,테크노마트8층)",,게임통 (현장조사 2014-05-09 무단폐업),208394.4164,448165.28,
직권말소,서울특별시 광진구 구의동 546-4번지 테크노마트7층 D20동 ,"서울특별시 광진구 광나루로56길 85, D20동 (구의동,테크노마트7층)",,게임아울렛,208394.4164,448165.28,
폐업,서울특별시 광진구 구의동 546-4번지 테크노마트7층 D064호,"서울특별시 광진구 광나루로56길 85,  D064호 (구의동,테크노마트7층)",,게임TOP,208394.4164,448165.28,
직권말소,서울특별시 광진구 구의동 546-4번지 테크노마트8층 D048호,"서울특별시 광진구 광나루로56길 85, D048호 (구의동,테크노마트8층)",,METEOR,208394.4164,448165.28,
폐업,서울특별시 광진구 구의동 546-4번지 테크노마트8층 B094호,"서울특별시 광진구 광나루로56길 85,  B094호 (구의동,테크노마트8층)",,스타게임,208394.4164,448165.28,
직권말소,서울특별시 광진구 구의동 546-4 테크노마트7층 C053호,"서울특별시 광진구 광나루로56길 85, C053호 (구의동,테크노마트7층)",,게임헌터 (현장조사 2014-05-09 무단폐업),208394.4164,448165.28,
직권말소,서울특별시 광진구 구의동 546-4번지 테크노마트7층 C052호,"서울특별시 광진구 광나루로56길 85, C052호 (구의동,테크노마트7층)",,게임동아리,208394.4164,448165.28,
직권말소,서울특별시 광진구 구의동 546-4번지 테크노마트8층 C002호,"서울특별시 광진구 광나루로56길 85, C002호 (구의동,테크노마트8층)",,게임메니아,208394.4164,448165.28,
직권말소,서울특별시 광진구 구의동 546-4번지 테크노판매동8층C-094 ,"서울특별시 광진구 광나루로56길 85 (구의동,테크노판매동8층C-094)",,으뜸게임기,208394.4164,448165.28,
직권말소,서울특별시 광진구 중곡동 124-65번지 ,서울특별시 광진구 용마산로 47 (중곡동),,원앙비디오,207672.256,450620.0396,
폐업,서울특별시 광진구 구의동 546-4번지 테크노마트8층 A동 071호,"서울특별시 광진구 광나루로56길 85, A동 071호 (구의동,테크노마트8층)",,메탈,208394.4164,448165.28,
폐업,서울특별시 광진구 구의동 546-4번지 테크노마트8층 B동 036호,"서울특별시 광진구 광나루로56길 85, B동 036호 (구의동,테크노마트8층)",,게임1번지,208394.4164,448165.28,
직권말소,서울특별시 광진구 자양동 45-34번지 ,서울특별시 광진구 뚝섬로 492 (자양동),,게임클럽,205670.8189,448202.8825,
폐업,서울특별시 광진구 중곡동 62-74번지 ,,,만디오,207816.1427,450761.6926,
직권말소,서울특별시 광진구 구의동 546-4번지 테크노마트 8층동 A008호,"서울특별시 광진구 광나루로56길 85, 8층동 A008호 (구의동,테크노마트)",,토탈게임,208394.4164,448165.28,
직권말소,서울특별시 광진구 구의동 546-4번지 테크노마트 7층동 D01호,"서울특별시 광진구 광나루로56길 85, 7층동 D01호 (구의동,테크노마트)",,테마게임,208394.4164,448165.28,
폐업,서울특별시 광진구 구의동 593-19번지 우림빌딩 1층동 6호호,"서울특별시 광진구 뚝섬로 741, 1층동 6호호 (구의동,우림빌딩)",,비디오월드,207990.1224,448031.1978,
폐업,서울특별시 광진구 구의동 210-14번지 ,서울특별시 광진구 구의로4길 40  (구의동),,챔프비디오,208040.6153,448687.4103,
폐업,서울특별시 광진구 군자동 45-30번지 ,서울특별시 광진구 군자로 160  (군자동),,종비디오,206712.4314,450315.9887,
직권말소,서울특별시 광진구 중곡동 576-4 1층,"서울특별시 광진구 동일로80길 27 (중곡동,1층)",,비디오맨 (현장조사 2014-05-07 무단폐업),207125.4808,451999.5986,
직권말소,서울특별시 광진구 중곡동 29-55번지 ,서울특별시 광진구 용마산로 159-1 (중곡동),,책과비디오마을,207525.7561,451745.2744,
직권말소,서울특별시 광진구 구의동 546-4번지 8층 B동 093호,"서울특별시 광진구 광나루로56길 85, B동 093호 (구의동,8층)",,환타지아,208394.4164,448165.28,
폐업,서울특별시 광진구 자양동 246-81번지 ,서울특별시 광진구 동일로6길 21  (자양동),,노유비디오,205487.8126,448422.0163,
직권말소,서울특별시 광진구 구의동 546-4 테크노마트8층 A동 077호,"서울특별시 광진구 광나루로56길 85, A동 077호 (구의동,테크노마트8층)",,애니채널 (현장조사 2014-05-09 무단폐업),208394.4164,448165.28,
폐업,서울특별시 광진구 구의동 74-5번지 ,서울특별시 광진구 천호대로132길 15  (구의동),,작가와감독,207858.48,449762.5037,
직권말소,서울특별시 광진구 자양동 516-3번지 우성상가 108호,,,티라노의비밀자양점,206265.8443,448087.3936,
폐업,서울특별시 광진구 화양동 15-2번지 ,서울특별시 광진구 군자로 23  (화양동),,대양비디오,206180.1425,449238.6233,
직권말소,서울특별시 광진구 구의동 546-4번지 테크노마트7층 C동 33호,"서울특별시 광진구 광나루로56길 85, C동 33호 (구의동,테크노마트7층)",,마이미디어,208394.4164,448165.28,
직권말소,서울특별시 광진구 화양동 9-90번지 ,서울특별시 광진구 아차산로29길 12 (화양동),,KOCINE 비디오방,205981.4883,448801.0036,
직권말소,서울특별시 광진구 구의동 547-8번지 테크노마트8층 D동 054호,"서울특별시 광진구 강변역로4길 68, D동 054호 (구의동,테크노마트8층)",,현대음악사,208124.5492,447812.9248,
직권말소,서울특별시 광진구 구의동 546-4번지 테크노마트7층B-015호 ,"서울특별시 광진구 광나루로56길 85 (구의동,테크노마트7층B-015호)",,매니아 월드,208394.4164,448165.28,
폐업,"서울특별시 광진구 구의동 546-4번지 테크노마트8층B-017,022 ","서울특별시 광진구 광나루로56길 85  (구의동,테크노마트8층B-017,022)",,CD타운,208394.4164,448165.28,
직권말소,서울특별시 광진구 중곡동 198-22,서울특별시 광진구 답십리로84길 54 (중곡동),,코끼리비디오 (현장조사 2014-05-07 무단폐업),207307.5876,451845.255,
직권말소,서울특별시 광진구 화양동 37-82,서울특별시 광진구 아차산로21길 50 (화양동),,킬링타임 (현장조사 2014-04-14 무단폐업),205772.226,449094.9439,
직권말소,서울특별시 광진구 자양동 847-9번지 1층동 ,"서울특별시 광진구 뚝섬로27길 57, 1층동 (자양동)",,영화마을건대점,205813.305,448464.8647,
직권말소,서울특별시 광진구 광장동 554-7 현대(아)상가 103동,,,채플린 (현장조사 2014-04-30 무단폐업),208776.9118,448611.307,
직권말소,서울특별시 광진구 구의동 546-4번지 테크노마트 C동 70호,"서울특별시 광진구 광나루로56길 85, C동 70호 (구의동,테크노마트)",,브이랜드,208394.4164,448165.28,
직권말소,서울특별시 광진구 군자동 371-6,서울특별시 광진구 광나루로17길 20 (군자동),,화영비디오 (현장조사 2014-04-21 무단폐업),206344.4463,449592.493,
폐업,서울특별시 광진구 군자동 37-57번지 ,,,성동비디오,,,
직권말소,서울특별시 광진구 자양동 647,서울특별시 광진구 뚝섬로54길 49 (자양동),,비디오넷 (현장조사 2014-04-16 무단폐업),207009.3464,447470.8835,
직권말소,서울특별시 광진구 중곡동 257-13번지 ,서울특별시 광진구 능동로41길 42 (중곡동),,영화나라,206882.2872,450926.3296,
직권말소,서울특별시 광진구 중곡동 18-87번지 ,서울특별시 광진구 용마산로24길 6 (중곡동),,조아비디오,207632.9509,451428.9002,
직권말소,서울특별시 광진구 구의동 546-4번지 테크노마트 8층동 A061호,"서울특별시 광진구 광나루로56길 85, 8층동 A061호 (구의동,테크노마트)",,J-SHOP,208394.4164,448165.28,
직권말소,서울특별시 광진구 중곡동 81-11번지 ,서울특별시 광진구 자양로43길 138 (중곡동),,예술비디오,207797.1831,450484.1567,
직권말소,서울특별시 광진구 자양동 650-37번지 ,서울특별시 광진구 뚝섬로52라길 59 (자양동),,게임피아,207166.0836,447461.5934,
폐업,서울특별시 광진구 중곡동 121-30번지 ,서울특별시 광진구 천호대로119길 58  (중곡동),,보고또보고,207529.0062,450577.5812,
직권말소,서울특별시 광진구 능동 276-2,서울특별시 광진구 천호대로 556 (능동),,(주)한국전자정보유통 군자점 (현장조사 2014-04-18 무단폐업),206972.7216,450495.8932,
폐업,서울특별시 광진구 화양동 111-124번지 ,서울특별시 광진구 능동로 183  (화양동),,씨네유통,206437.708,449422.1877,
폐업,서울특별시 광진구 화양동 111-124번지 ,서울특별시 광진구 능동로 183  (화양동),,씨네유통,206437.708,449422.1877,
폐업,서울특별시 광진구 자양동 9-29번지 ,서울특별시 광진구 아차산로30길 20  (자양동),,시네마아트,205877.9759,448631.6443,
직권말소,서울특별시 광진구 중곡동 44-9,서울특별시 광진구 능동로44길 41 (중곡동),,준비디오 (현장조사 2014-05-02 무단폐업),207342.6438,450892.9575,
폐업,서울특별시 광진구 광장동 250-0번지 ,서울특별시 광진구 아차산로 599  (광장동),,윤선생영어교실광장대리점,209194.5951,449413.1513,
직권말소,서울특별시 광진구 구의동 587-54번지 ,,,(주)서울동부유통,207967.0092,448291.1493,
영업중,서울특별시 광진구 구의동 546-4번지 테크노마트8층 B동 041호,"서울특별시 광진구 광나루로56길 85, B동 041호 (구의동,테크노마트8층)",,게임아이디,208394.4164,448165.28,
폐업,서울특별시 광진구 자양동 57-27번지 ,서울특별시 광진구 뚝섬로24길 34  (자양동),,으뜸과버금,205502.3292,448088.6178,
직권말소,서울특별시 광진구 구의동 546-4 테크노마트 7층동 B028호,"서울특별시 광진구 광나루로56길 85, 7층동 B028호 (구의동,테크노마트)",,이소프트 (현장조사 2014-05-09 무단폐업)영업중표시,208394.4164,448165.28,
직권말소,서울특별시 광진구 화양동 11-16번지 ,서울특별시 광진구 동일로24길 93 (화양동),,비디오 X-파일,206125.2898,448927.456,
직권말소,서울특별시 광진구 자양동 628-24번지 동명빌딩3층 ,"서울특별시 광진구 자양로 69 (자양동,동명빌딩3층)",,(주)세광엑스피아,207368.0725,447975.0321,
직권말소,서울특별시 광진구 화양동 11-16번지 ,서울특별시 광진구 동일로24길 93 (화양동),,스튜디오아이스크림,206125.2898,448927.456,
직권말소,서울특별시 광진구 구의동 547-8번지 리젠트 101동 ,"서울특별시 광진구 강변역로4길 68, 101동 (구의동,리젠트)",,주식회사 믹스막스,208124.5492,447812.9248,
직권말소,서울특별시 광진구 군자동 364-11번지 1층 ,"서울특별시 광진구 군자로 92 (군자동,1층)",,영화천국,206228.3663,449890.1221,
직권말소,서울특별시 광진구 구의동 248-55,서울특별시 광진구 아차산로51길 74 (구의동),,VIVADAYS(비바데이즈) (현장조사 2014-04-18 무단폐업),207452.3726,448660.9011,
직권말소,서울특별시 광진구 중곡동 120-2,서울특별시 광진구 천호대로123길 5 (중곡동),,두리상사 (현장조사 2014-05-02 무단폐업),207601.1095,450352.4281,
직권말소,서울특별시 광진구 중곡동 47-19번지 ,서울특별시 광진구 능동로 342-1 (중곡동),,솔로몬,207114.4327,450855.6462,
직권말소,서울특별시 광진구 구의동 51-1번지 ,서울특별시 광진구 자양로49길 25 (구의동),,꿈이있는마을,208007.1101,450092.5234,
직권말소,서울특별시 광진구 광장동 102 3437동 2249호,"서울특별시 광진구 아차산로78길 75, 3437동 2249호 (광장동)",,(주)포사이버 (현장조사 2014-04-30 무단폐업),209734.2186,449933.5477,
직권말소,서울특별시 광진구 구의동 546-4번지 테크노마트36층 ,"서울특별시 광진구 광나루로56길 85 (구의동,테크노마트36층)",,아이온테크(주),208394.4164,448165.28,
폐업,서울특별시 광진구 구의동 546-4번지 테크노마트8층 C-98 ,"서울특별시 광진구 광나루로56길 85  (구의동,테크노마트8층 C-98)",,고은소리,208394.4164,448165.28,
폐업,서울특별시 광진구 구의동 546-4번지 테크노판매동8층 C-95 ,"서울특별시 광진구 광나루로56길 85  (구의동,테크노판매동8층 C-95)",,생활음악사,208394.4164,448165.28,
직권말소,서울특별시 광진구 구의동 546-4번지 테크노마트8층 ,"서울특별시 광진구 광나루로56길 85 (구의동,테크노마트8층)",,코리아테이프,208394.4164,448165.28,
직권말소,서울특별시 광진구 구의동 546-4번지 테크노마트21판 ,"서울특별시 광진구 광나루로56길 85 (구의동,테크노마트21판)",,게임코리아,208394.4164,448165.28,
직권말소,서울특별시 광진구 구의동 546-4번지 ,서울특별시 광진구 광나루로56길 85 (구의동),,게임마을,208394.4164,448165.28,
직권말소,서울특별시 광진구 구의동 546-4번지 테크노마트7층A042 ,"서울특별시 광진구 광나루로56길 85 (구의동,테크노마트7층A042)",,서광게임,208394.4164,448165.28,
영업중,서울특별시 광진구 구의동 546-4번지 테크노마트7층C-52 ,"서울특별시 광진구 광나루로56길 85  (구의동,테크노마트7층C-52)",,게임동아리,208394.4164,448165.28,
폐업,"서울특별시 광진구 구의동 546-4번지 TM7층 A-65,66 ","서울특별시 광진구 광나루로56길 85  (구의동,TM7층 A-65,66)",,게임매니아||,208394.4164,448165.28,
직권말소,서울특별시 광진구 구의동 546-4 TM8층A071,"서울특별시 광진구 광나루로56길 85 (구의동,TM8층A071)",,엔터 (현장조사 2014-05-09 무단폐업)영업중표시,208394.4164,448165.28,
직권말소,서울특별시 광진구 구의동 546-4번지 테크노마트8층A043 ,"서울특별시 광진구 광나루로56길 85 (구의동,테크노마트8층A043)",,미례소프트,208394.4164,448165.28,
직권말소,"서울특별시 광진구 구의동 546-4 테크노마트8층 A-50,51","서울특별시 광진구 광나루로56길 85 (구의동,테크노마트8층 A-50,51)",,삼보미디어 (2019. 4. 8. 현장조사 무단폐업),208394.4164,448165.28,
직권말소,서울특별시 광진구 자양동 229-47,서울특별시 광진구 아차산로40길 35 (자양동),,게임랜드 (현장조사 2014-04-16 무단폐업)영업중표시,206842.0534,448201.7088,
직권말소,서울특별시 광진구 구의동 237-34,서울특별시 광진구 자양로28길 21 (구의동),,매니아클럽 (현장조사 2014-04-18 무단폐업),207489.5633,448890.6874,
폐업,서울특별시 광진구 구의동 546-4번지 TM7F A65~66호 ,"서울특별시 광진구 광나루로56길 85  (구의동,TM7F A65~66호)",,썬미디어,208394.4164,448165.28,
영업중,서울특별시 광진구 구의동 546-4번지 TM21 지하2층1호 ,"서울특별시 광진구 광나루로56길 85  (구의동,TM21 지하2층1호)",,롯데쇼핑(주)마그넷강변점,208394.4164,448165.28,
영업중,서울특별시 광진구 구의동 199-22번지 ,서울특별시 광진구 광나루로54길 38  (구의동),,현대비디오,208334.6036,448558.9359,
직권말소,서울특별시 광진구 구의동 595-0,서울특별시 광진구 구의강변로 38 (구의동),,동서울관광호텔,208051.8847,447994.8056,
폐업,서울특별시 광진구 구의동 631-1 현대프라임아파트,"서울특별시 광진구 광나루로56길 29, 현대프라임아파트 4층 410, 411호 (구의동, 현대프라임아파트)",5119,사이버리아 PC,208558.2866,448353.9052,
영업중,"서울특별시 광진구 구의동 546-11 지너스타워 608,609호 ","서울특별시 광진구 강변역로4길 10 (구의동,지너스타워 608,609호)",,수 멀티방,208189.4345,448129.1663,전체이용가
직권말소,서울특별시 광진구 화양동 7-5 3층,"서울특별시 광진구 아차산로29길 8 (화양동,3층)",,멀티플러스,205970.712,448777.1285,
폐업,서울특별시 광진구 구의동 546-11번지 지너스타워 지층 9/10호 ,"서울특별시 광진구 강변역로4길 10 (구의동,지너스타워 지층 9/10호)",,팝스 멀티방 강변역점,208189.4345,448129.1663,전체이용가
폐업,서울특별시 광진구 화양동 8-102번지 3층 4층 ,"서울특별시 광진구 동일로22길 107 (화양동,3층 4층)",,수멀티방,206117.0472,448742.653,
폐업,서울특별시 광진구 화양동 5-106 지하1층 ,,,메가펀,,,
폐업,서울특별시 광진구 화양동 7-12번지 4층 ,"서울특별시 광진구 아차산로 235  (화양동,4층)",,스마일 멀티카페,206080.2086,448722.5347,
폐업,서울특별시 광진구 화양동 9-90번지 ,서울특별시 광진구 아차산로29길 12  (화양동),,엠플레이 멀티방,205981.4883,448801.0036,전체이용가
폐업,서울특별시 광진구 화양동 18-3번지 ,서울특별시 광진구 군자로 49  (화양동),,엠플레이 스마트존(세종대점),206134.0781,449495.063,전체이용가
폐업,서울특별시 광진구 화양동 9-90 ,서울특별시 광진구 아차산로29길 12  (화양동),,엠플레이 멀티방,205981.4883,448801.0036,
폐업,서울특별시 광진구 군자동 464-1번지 지하 ,"서울특별시 광진구 동일로 306 (군자동,지하)",,PC 게임랜드,206430.2214,450688.0638,전체이용가
영업중,서울특별시 광진구 화양동 9-91 캠퍼스 프라자 ,"서울특별시 광진구 동일로22길 81, 102, 103호 (화양동, 캠퍼스 프라자)",5018,Fun City,206000.9861,448808.0905,전체이용가
폐업,서울특별시 광진구 자양동 7-6번지 ,서울특별시 광진구 아차산로 230 (자양동),5073,브리즈 브이알 카페 건대점,206014.5159,448665.2088,
직권말소,서울특별시 광진구 자양동 2-14,"서울특별시 광진구 동일로20길 114, 지하1층 (자양동)",5073,넷아레나,206081.7084,448587.3998,
영업중,서울특별시 광진구 화양동 3-37번지 ,"서울특별시 광진구 능동로 131, 2층 (화양동)",5011,쌈바플스방,206258.4659,448939.5284,전체이용가
폐업,서울특별시 광진구 자양동 5-13번지 ,서울특별시 광진구 동일로20길 106 (자양동),5073,짱오락실,206040.4111,448600.9543,
폐업,서울특별시 광진구 화양동 113-1번지 광진 코지웰 ,"서울특별시 광진구 능동로19길 35, 2층 (화양동, 광진 코지웰)",5009,브라보 VR,206278.9821,449425.1319,
폐업,서울특별시 광진구 화양동 48-14번지 삼영빌딩 ,"서울특별시 광진구 아차산로 219, 삼영빌딩 2층 (화양동)",5019,브라이트 건대점,205934.0938,448768.0108,
영업중,서울특별시 광진구 능동 220-4 쥬얼테크,"서울특별시 광진구 천호대로 562, 쥬얼테크 지하1층 (능동)",4985,군자역 리그 PC,207028.7443,450469.0323,
직권말소,서울특별시 광진구 구의동 546-1 동서울종합터미널,"서울특별시 광진구 강변역로 50, 동서울종합터미널 2층 (구의동)",5116,터미널 오락실,208201.9933,447967.2995,
폐업,서울특별시 광진구 화양동 48-14번지 삼영빌딩 ,"서울특별시 광진구 아차산로 219, 삼영빌딩 2층 (화양동)",5019,VR MAGIC PARK 건국대점,205934.0938,448768.0108,
영업중,서울특별시 광진구 구의동 212-2,"서울특별시 광진구 아차산로 473, 4층 (구의동)",5035,맥스피드 PC방 구의본점,208261.7488,448701.6585,
영업중,서울특별시 광진구 구의동 57-55 대운빌딩,"서울특별시 광진구 자양로 278, 대운빌딩 지하2층 (구의동)",4962,제로백PC 아차산역점,208017.0201,449825.0061,
